UNIQUE CODE,STATE,PARLIAMENTARY CODE,PARLIAMENTARY NAME,WINNING PARTY,UNCONTESTED VICTORY,TOTAL ELECTORATE,WINNING MAJORITY,TURNOUT (%),TOTAL BALLOTS ISSUED,TOTAL UNRETURNED VOTES,TOTAL REJECTED VOTES,TOTAL VALID VOTES,BN,BN CANDIDATE,BN CANDIDATE GENDER,BN CANDIDATE AGE,BN VOTE,PH,PH CANDIDATE,PH CANDIDATE GENDER,PH CANDIDATE AGE,PH VOTE,PN,PN CANDIDATE,PN CANDIDATE GENDER,PN CANDIDATE AGE,PN VOTE,GTA,GTA CANDIDATE,GTA CANDIDATE GENDER,GTA CANDIDATE AGE,GTA VOTE,GPS,GPS CANDIDATE,GPS CANDIDATE GENDER,GPS CANDIDATE AGE,GPS VOTE,GRS,GRS CANDIDATE,GRS CANDIDATE GENDER,GRS CANDIDATE AGE,GRS VOTE,WARISAN,WARISAN CANDIDATE,WARISAN CANDIDATE GENDER,WARISAN CANDIDATE AGE,WARISAN VOTE,OTHER PARTY (1),OTHER PARTY (1) CANDIDATE,OTHER PARTY (1) CANDIDATE GENDER,OTHER PARTY (1) CANDIDATE AGE,OTHER PARTY (1) VOTE,OTHER PARTY (2),OTHER PARTY (2) CANDIDATE,OTHER PARTY (2) CANDIDATE GENDER,OTHER PARTY (2) CANDIDATE AGE,OTHER PARTY (2) VOTE,INDEPENDENT (1),INDEPENDENT (1) CANDIDATE,INDEPENDENT (1) CANDIDATE GENDER,INDEPENDENT (1) CANDIDATE AGE,INDEPENDENT (1) VOTE,INDEPENDENT (2),INDEPENDENT (2) CANDIDATE,INDEPENDENT (2) CANDIDATE GENDER,INDEPENDENT (2) CANDIDATE AGE,INDEPENDENT (2) VOTE,INDEPENDENT (3),INDEPENDENT (3) CANDIDATE,INDEPENDENT (3) CANDIDATE GENDER,INDEPENDENT (3) CANDIDATE AGE,INDEPENDENT (3) VOTE,INDEPENDENT (4),INDEPENDENT (4) CANDIDATE,INDEPENDENT (4) CANDIDATE GENDER,INDEPENDENT (4) CANDIDATE AGE,INDEPENDENT (4) VOTE
P.001,PERLIS,P.001,PADANG BESAR,PN - PAS,,60192,12514,76.52,46059,78,693,45288,UMNO,ZAHIDA BINTI ZARIK KHAN,FEMALE,43,11753,PAN,KAPT (B) HJ MOHAMAD YAHAYA,MALE,,7085,PAS,RUSHDAN BIN RUSMI,MALE,44,24267,,,,,,,,,,,,,,,,WARISAN,KO CHU LIANG,MALE,,244,,,,,,,,,,,INDEPENDENT - BOOK,ZAHIDI BIN ZAINUL ABIDIN,MALE,61,1939,,,,,,,,,,,,,,,
P.002,PERLIS,P.002,KANGAR,PN - PPBM,,74859,9192,76.13,56989,108,681,56200,UMNO,DR FATHUL BARI,MALE,42,15370,PKR,AMIN AHMAD,MALE,40,15143,PPBM,CIKGU ZAKRI,MALE,,24562,PEJUANG,USTAZ NUR SULAIMAN,MALE,34,708,,,,,,,,,,,WARISAN,PROF. DR. ROHIMI SHAPIEE,MALE,,417,,,,,,,,,,,,,,,,,,,,,,,,,,,,,,
P.003,PERLIS,P.003,ARAU,PN - DIRECT,,60876,23216,78.2,47605,89,727,46789,UMNO,ROZABIL @ TOK BEN,MALE,50,8242,PKR,FATHIN AMELINA,FEMALE,28,7089,PN - DIRECT,SHAHIDAN BIN KASSIM,MALE,71,31458,,,,,,,,,,,,,,,,,,,,,,,,,,,,,,,,,,,,,,,,,,,,,,,,,,
P.004,KEDAH,P.004,LANGKAWI,PN - PPBM,,66777,13518,72.07,48123,135,508,47480,UMNO,DATO' ARMISHAH SIRAJ (DAS),MALE,58,11945,PAN,ZABIDI YAHYA,MALE,54,5417,PPBM,MOHD SUHAIMI BIN ABDULLAH,MALE,64,25463,PEJUANG,MAHATHIR BIN MOHAMAD,MALE,96,4566,,,,,,,,,,,,,,,,,,,,,,,,,,INDEPENDENT - AEROPLANE,DATO PADUKA ABD KADIR,MALE,,89,,,,,,,,,,,,,,,
P.005,KEDAH,P.005,JERLUN,PN - PAS,,67601,20456,78.27,52909,85,617,52207,UMNO,OTHMAN BIN AZIZ,MALE,63,11229,PKR,DR MOHAMED FADZIL MOHD ALI,MALE,48,6149,PAS,DR. ABD GHANI AHMAD,MALE,52,31685,PEJUANG,DATO' SERI UTAMA MUKHRIZ MAHATHIR,MALE,58,3144,,,,,,,,,,,,,,,,,,,,,,,,,,,,,,,,,,,,,,,,,,,,,
P.006,KEDAH,P.006,KUBANG PASU,PN - PPBM,,108217,31584,78.07,84486,247,837,83402,UMNO,HASMUNI BIN HASSAN,MALE,,14489,PKR,AIZUDDIN ARIFFIN,MALE,35,16000,PPBM,DATO' WIRA DR KU ABD RAHMAN BIN KU ISMAIL,MALE,70,47584,PEJUANG,AMIRUDDIN HAMZAH (TOK MET),MALE,60,5329,,,,,,,,,,,,,,,,,,,,,,,,,,,,,,,,,,,,,,,,,,,,,
P.007,KEDAH,P.007,PADANG TERAP,PN - PAS,,59806,10959,82.5,49341,80,632,48629,UMNO,MAHDZIR BIN KHALID,MALE,62,17258,PAN,MUAZ ABDULLAH,MALE,25,2702,PAS,USTAZ NURUL AMIN,MALE,39,28217,PEJUANG,RAZALI BIN LEBAI SALLEH,MALE,65,452,,,,,,,,,,,,,,,,,,,,,,,,,,,,,,,,,,,,,,,,,,,,,
P.008,KEDAH,P.008,POKOK SENA,PN - PAS,,114838,31751,77.48,88976,209,823,87944,UMNO,NORAN ZAMINI BIN JAMALUDDIN,MALE,48,14523,PAN,DATO' WIRA HJ MAHFUZ OMAR,MALE,65,20524,PAS,DATO' AHMAD YAHAYA,MALE,47,52275,,,,,,,,,,,,,,,,WARISAN,NORAINI BINTI MD SALLEH,FEMALE,60,622,,,,,,,,,,,,,,,,,,,,,,,,,,,,,,
P.009,KEDAH,P.009,ALOR SETAR,PN - PAS,,105994,9931,73.56,77969,209,774,76986,MCA,TAN CHEE HIONG,MALE,43,8930,PKR,SIMON OOI TZE MIN,MALE,38,27555,PAS,AFNAN HAMIMI BIN DATO' HAJI TAIB AZAMUDDEN,MALE,41,37486,PEJUANG,NUHAIRI RAHMAT,MALE,45,2383,,,,,,,,,,,WARISAN,FADZIL BIN HANAFI,MALE,64,366,,,,,,,,,,,INDEPENDENT - TREE,DATO' DR NORDIN YUNUS,MALE,69,115,INDEPENDENT - PEN,SOFAN FEROZA,MALE,,151,,,,,,,,,,
P.010,KEDAH,P.010,KUALA KEDAH,PN - PAS,,132500,28061,76.61,101510,224,811,100475,UMNO,DATO DR MASHITAH BINTI IBRAHIM,FEMALE,58,13879,PKR,DR AZMAN ISMAIL,MALE,61,28237,PAS,DR. AHMAD FAKHRUDDIN,MALE,51,56298,PEJUANG,ULYA HUSAMUDIN,MALE,31,1805,,,,,,,,,,,WARISAN,PAK TUAN AL IDRUS,MALE,48,256,,,,,,,,,,,,,,,,,,,,,,,,,,,,,,
P.011,KEDAH,P.011,PENDANG,PN - PAS,,94547,31289,80.79,76381,137,650,75594,UMNO,SURAYA BINTI YAACOB,FEMALE,53,17719,PKR,DATO ZUL,MALE,52,8058,PAS,DATUK HAJI AWANG SOLAHUDIN,MALE,58,49008,GB,RASHID YOB,MALE,43,809,,,,,,,,,,,,,,,,,,,,,,,,,,,,,,,,,,,,,,,,,,,,,
P.012,KEDAH,P.012,JERAI,PN - PAS,,105001,33192,79.33,83294,164,837,82293,UMNO,DATO SERI DR. JAMIL KHIR BAHAROM,MALE,61,16269,DAP,ZULHAZMI BIN SHARIFF,MALE,,15590,PAS,USTAZ SABRI AZIT,MALE,56,49461,GB,DATUK NIZAM MAHSHAR,MALE,,973,,,,,,,,,,,,,,,,,,,,,,,,,,,,,,,,,,,,,,,,,,,,,
P.013,KEDAH,P.013,SIK,PN - PAS,,63126,21787,81.83,51659,82,416,51161,UMNO,MAIZA,FEMALE,51,12819,PAN,DATO' LATIFAH,FEMALE,,3736,PAS,AHMAD TARMIZI SULAIMAN,MALE,46,34606,,,,,,,,,,,,,,,,,,,,,,,,,,,,,,,,,,,,,,,,,,,,,,,,,,
P.014,KEDAH,P.014,MERBOK,PN - PPBM,,132444,21019,78.36,103779,208,1027,102544,UMNO,DATO' SHAIFUL HAZIZY,MALE,46,16691,PKR,NURIN AINA,FEMALE,46,31554,PPBM,MOHD NAZRI,MALE,52,52573,IMAN,DATUK MOSIN RAZAK,MALE,,1201,,,,,,,,,,,WARISAN,KHAIRUL ANUAR,MALE,50,525,,,,,,,,,,,,,,,,,,,,,,,,,,,,,,
P.015,KEDAH,P.015,SUNGAI PETANI,PH - PKR,,168847,1115,77.85,131447,256,1187,130004,UMNO,DATO' SHAHANIM BINTI MOHAMAD YUSOFF,FEMALE,49,27391,PKR,DR. TAUFIQ BIN DATO' JOHARI,MALE,26,50580,PPBM,DR. ROBERT LING,MALE,,49465,PEJUANG,HJ. MARZUKI YAHYA,MALE,52,2342,,,,,,,,,,,,,,,,PRM,TAN JOON LONG @ TAN CHOW KANG,MALE,80,226,,,,,,,,,,,,,,,,,,,,,,,,,
P.016,KEDAH,P.016,BALING,PN - PAS,,132099,29137,83.54,110353,148,1141,109064,UMNO,DATUK AZEEZ RAHIM,MALE,56,35356,PAN,CIKGU JOHARI ABDULLAH,MALE,69,8636,PAS,USTAZ HASSAN,MALE,65,64493,PUTRA,LT KOL (B) BASIR,MALE,,579,,,,,,,,,,,,,,,,,,,,,,,,,,,,,,,,,,,,,,,,,,,,,
P.017,KEDAH,P.017,PADANG SERAI,PN - PPBM,,133867,16260,68.95,92302,133,753,91416,MIC,DATO SIVARAJ CHANDRAN,MALE,46,2983,PKR,DR. SOFEE RAZAK,MALE,47,35377,PPBM,DATO' CIKGU AZMAN,MALE,50,51637,PUTRA,HAMZAH ABD RAHMAN,MALE,,424,,,,,,,,,,,WARISAN,MOHD BAKHRI BIN HAJI HASHIM,MALE,,149,,,,,,,,,,,INDEPENDENT - HORSE,ANANDA AK,MALE,38,846,,,,,,,,,,,,,,,
P.018,KEDAH,P.018,KULIM-BANDAR BAHARU,PN - PPBM,,90141,13061,79.25,71440,162,938,70340,UMNO,DATUK MUHAR BIN HUSSAIN,MALE,,13872,PKR,DATUK SERI SAIFUDDIN NASUTION ISMAIL,MALE,58,21408,PPBM,CIKGU ROSLAN HASHIM,MALE,,34469,GB,RIZAL,MALE,,591,,,,,,,,,,,,,,,,,,,,,,,,,,,,,,,,,,,,,,,,,,,,,
P.019,KELANTAN,P.019,TUMPAT,PN - PAS,,149371,34793,71.08,106173,281,1233,104659,BN - DIRECT,DATO' CHE LAH (DCL),MALE,62,30633,PAN,HAJI WAN JO,MALE,57,7762,PAS,DATO' KAK TAZ,FEMALE,50,65426,PUTRA,ASRI ALI,MALE,,593,,,,,,,,,,,WARISAN,KHAIRUL AZUAN,MALE,,245,,,,,,,,,,,,,,,,,,,,,,,,,,,,,,
P.020,KELANTAN,P.020,PENGKALAN CHEPA,PN - PAS,,106982,38270,73.53,78659,268,630,77761,UMNO,DR. HAFIZ,MALE,38,15663,PAN,KAK JAH,FEMALE,48,7356,PAS,DATUK MARZUK,MALE,47,53933,PEJUANG,WAN AHMAD NASRI,MALE,,358,,,,,,,,,,,,,,,,,,,,,,,,,,INDEPENDENT - TREE,ABE WAE - REDZUAN,MALE,48,451,,,,,,,,,,,,,,,
P.021,KELANTAN,P.021,KOTA BHARU,PN - PAS,,115450,22613,68.45,79028,288,721,78019,UMNO,HJ. ROSMADI ISMAIL,MALE,50,16168,PAN,DR HAFIDZAH,FEMALE,,19256,PAS,DATUK SERI TAKIYUDDIN,MALE,60,41869,PUTRA,PROF. DATO DR CHE MUSA CHE OMAR,MALE,,528,,,,,,,,,,,,,,,,PRM,ANDY TAN @ AWANG,MALE,54,107,,,,,,INDEPENDENT - PEN,IZAT BUKHARY,MALE,51,91,,,,,,,,,,,,,,,
P.022,KELANTAN,P.022,PASIR MAS,PN - PAS,,94544,30717,69.96,66145,173,819,65153,UMNO,DATO GHANI,MALE,,13727,PKR,DATUK HUSAM,MALE,63,6439,PAS,USTAZ FADHLI SHAARI,MALE,42,44444,PUTRA,NASRUL ALI HASAN,MALE,31,543,,,,,,,,,,,,,,,,,,,,,,,,,,,,,,,,,,,,,,,,,,,,,
P.023,KELANTAN,P.023,RANTAU PANJANG,PN - PAS,,93248,20636,65.85,61406,211,668,60527,UMNO,PROF UST ZUL,MALE,,17123,PAN,DR SHAH,MALE,,4256,PAS,KAK LAH,FEMALE,59,37759,PUTRA,DATO' DR. IBRAHIM ALI,MALE,71,1216,,,,,,,,,,,,,,,,PRM,DATUK ZAIN,MALE,,173,,,,,,,,,,,,,,,,,,,,,,,,,
P.024,KELANTAN,P.024,KUBANG KERIAN,PN - PAS,,113640,40847,72.6,82502,343,775,81384,UMNO,KAK LONG,FEMALE,37,14807,PAN,DR.WAN AHMAD KAMIL,MALE,64,10236,PAS,USTAZ DATO' TUAN IBRAHIM,MALE,62,55654,PEJUANG,RIZAL,MALE,,687,,,,,,,,,,,,,,,,,,,,,,,,,,,,,,,,,,,,,,,,,,,,,
P.025,KELANTAN,P.025,BACHOK,PN - PAS,,123183,30163,74.03,91192,260,1019,89913,UMNO,DATUK HAJI ZAIN,MALE,57,27333,PKR,NOR AZMIZA MAMAT,FEMALE,38,4385,PAS,SYAHIR SULAIMAN,MALE,39,57496,PUTRA,CIKGU ZAM,MALE,,276,,,,,,,,,,,,,,,,,,,,,,,,,,INDEPENDENT - TREE,HAJI ZU,MALE,,423,,,,,,,,,,,,,,,
P.026,KELANTAN,P.026,KETEREH,PN - PPBM,,85281,23107,75.12,64060,298,900,62862,UMNO,MARZUANI ARDILA ARIFFIN (GEE),FEMALE,39,17435,PKR,HAJI RAHIMI,MALE,53,4662,PPBM,MEJ JEN DATO HJ KHLIR (B),MALE,64,40542,PUTRA,HANEEF IBRAHIM (ABE HANEEF),MALE,,223,,,,,,,,,,,,,,,,,,,,,,,,,,,,,,,,,,,,,,,,,,,,,
P.027,KELANTAN,P.027,TANAH MERAH,PN - PPBM,,98782,44498,71.34,70471,161,624,69686,UMNO,CIKGU BAKRI,MALE,57,9781,PKR,DATO' D,MALE,62,5357,PPBM,DATO' SRI IKMAL HISHAM,MALE,57,54279,PUTRA,LAWYER NASIR ABDULLAH,MALE,,168,,,,,,,,,,,,,,,,,,,,,,,,,,INDEPENDENT - ELEPHANT,DATUK NIK SAPEIA,MALE,68,101,,,,,,,,,,,,,,,
P.028,KELANTAN,P.028,PASIR PUTEH,PN - PAS,,113070,29120,73.03,82576,237,1020,81319,UMNO,DATUK CIKGU AWI,MALE,57,23988,PAN,USTAZ MUHAMMAD HUSAIN,MALE,,3873,PAS,USTAZ NIK ZAWAWI,MALE,55,53108,PEJUANG,KAPTEN WAN MARZUDI,MALE,,350,,,,,,,,,,,,,,,,,,,,,,,,,,,,,,,,,,,,,,,,,,,,,
P.029,KELANTAN,P.029,MACHANG,PN - PPBM,,88825,10154,74.33,66024,177,733,65114,UMNO,DATUK JAZLAN,MALE,58,25449,PKR,DR ROSLI,MALE,47,3934,PPBM,WAN AHMAD FAYHSAL,MALE,35,35603,PUTRA,MEJAR (B) MAT,MALE,,128,,,,,,,,,,,,,,,,,,,,,,,,,,,,,,,,,,,,,,,,,,,,,
P.030,KELANTAN,P.030,JELI,PN - PPBM,,59798,12464,73.13,43732,144,635,42953,UMNO,NORWAHIDA PATUAN,FEMALE,42,14608,PAN,MD RADZI,MALE,51,1140,PPBM,POK ZAHARI,MALE,62,27072,PUTRA,PROFESSOR DR IR HJ MAT,MALE,,133,,,,,,,,,,,,,,,,,,,,,,,,,,,,,,,,,,,,,,,,,,,,,
P.031,KELANTAN,P.031,KUALA KRAI,PN - PAS,,92335,25188,71.14,65684,207,796,64681,UMNO,ZUKI,MALE,,17552,PAN,SYAM GHAZ,MALE,,4148,PAS,USTAZ LATIFF,MALE,51,42740,PEJUANG,NORASHIKIN,FEMALE,,241,,,,,,,,,,,,,,,,,,,,,,,,,,,,,,,,,,,,,,,,,,,,,
P.032,KELANTAN,P.032,GUA MUSANG,PN - PPBM,,70254,163,70.18,49306,186,743,48377,UMNO,TENGKU RAZALEIGH HAMZAH,MALE,85,21663,PKR,ABE YO,MALE,48,4517,PPBM,MOHD AZIZI ABU NAIM,MALE,50,21826,PEJUANG,DATO' DR. ADABI,MALE,,371,,,,,,,,,,,,,,,,,,,,,,,,,,,,,,,,,,,,,,,,,,,,,
P.033,TERENGGANU,P.033,BESUT,PN - PAS,,111650,18666,77.46,86487,246,877,85364,UMNO,DATUK HAJI NAWI MOHAMAD,MALE,59,30903,PAN,USTAZ AZIZ,MALE,,4339,PAS,DATUK ABE ZUL,MALE,63,49569,PEJUANG,DATO' IR. WAN NAZARI,MALE,,553,,,,,,,,,,,,,,,,,,,,,,,,,,,,,,,,,,,,,,,,,,,,,
P.034,TERENGGANU,P.034,SETIU,PN - PAS,,107294,19032,80.18,86029,153,1044,84832,UMNO,ABDUL RAHMAN BIN MAT YASIN,MALE,,31736,PKR,MOHAMAD BIN NGAH,MALE,69,2125,PAS,USTAZ ZUKIRNAIN ABD KADIR,MALE,53,50768,PEJUANG,WAN ADNAN,MALE,,203,,,,,,,,,,,,,,,,,,,,,,,,,,,,,,,,,,,,,,,,,,,,,
P.035,TERENGGANU,P.035,KUALA NERUS,PN - PAS,,105952,29765,83.56,88536,172,736,87628,BN - DIRECT,UST. DATO' DR. KHAIRUDDIN TAKIRI,MALE,49,26932,PAN,DATUK SERI SUHAIMI HASHIM,MALE,,3708,PAS,DATO' DR. HAJI ALIAS RAZAK,MALE,63,56697,PUTRA,AZAHA,MALE,,291,,,,,,,,,,,,,,,,,,,,,,,,,,,,,,,,,,,,,,,,,,,,,
P.036,TERENGGANU,P.036,KUALA TERENGGANU,PN - PAS,,123305,40907,79.16,97605,286,767,96552,UMNO,DATO' CIKGU ZUBIR,MALE,68,22109,PAN,DATO' RAJA BAHRIN,MALE,67,10946,PAS,DATUK HAJI AMZAD HASHIM,MALE,52,63016,PUTRA,MOHAMAD ABU BAKAR BIN MUDA,MALE,57,481,,,,,,,,,,,,,,,,,,,,,,,,,,,,,,,,,,,,,,,,,,,,,
P.037,TERENGGANU,P.037,MARANG,PN - PAS,,131756,41729,83.68,110250,234,948,109068,UMNO,JASMIRA OTHMAN,MALE,48,31386,PAN,USTAZ AZHAR,MALE,57,4140,PAS,TUAN GURU HAJI ABDUL HADI AWANG,MALE,75,73115,PUTRA,DR.ZARAWI BIN SULONG,MALE,,427,,,,,,,,,,,,,,,,,,,,,,,,,,,,,,,,,,,,,,,,,,,,,
P.038,TERENGGANU,P.038,HULU TERENGGANU,PN - PPBM,,87917,15734,82.92,72905,104,793,72008,UMNO,CIKGU ROZI,MALE,51,27176,PKR,CIKGU ALIAS ISMAIL,MALE,54,1740,PPBM,DATO ROSOL WAHID,MALE,58,42910,PUTRA,KHADRI,MALE,49,182,,,,,,,,,,,,,,,,,,,,,,,,,,,,,,,,,,,,,,,,,,,,,
P.039,TERENGGANU,P.039,DUNGUN,PN - PAS,,115559,34105,79.72,92128,123,736,91269,UMNO,USTAZ SHAM,MALE,,25615,PKR,DATO' DR MOHD JOHARI,MALE,51,5307,PAS,USTAZ HAJI WAN HASSAN,MALE,65,59720,PEJUANG,NORAISAH BINTI HASAN,FEMALE,32,322,,,,,,,,,,,,,,,,,,,,,,,,,,INDEPENDENT - BOOK,PEGUAM GHAZALI,MALE,49,305,,,,,,,,,,,,,,,
P.040,TERENGGANU,P.040,KEMAMAN,PN - PAS,,139423,27179,82.15,114533,150,1288,113095,UMNO,DATO' SERI HJ AHMAD BIN SAID,MALE,65,38535,PKR,HASUNI BIN SUDIN,MALE,59,8340,PAS,USTAZ CHE ALIAS HAMID,MALE,53,65714,PEJUANG,ROSLI,MALE,,506,,,,,,,,,,,,,,,,,,,,,,,,,,,,,,,,,,,,,,,,,,,,,
P.041,PULAU PINANG,P.041,KEPALA BATAS,PN - PAS,,83081,2867,84.44,70150,134,714,69302,UMNO,DATO' SRI REEZAL MERICAN BIN NAINA MERICAN,MALE,50,25737,,,,,,PAS,DR USTAZAH MASTURA,FEMALE,33,28604,BERJASA,USTAZ HAMIDI ABU HASSAN,MALE,,747,,,,,,,,,,,,,,,,MUDA,DANIEL ABDUL MAJEED,MALE,26,14214,,,,,,,,,,,,,,,,,,,,,,,,,
P.042,PULAU PINANG,P.042,TASEK GELUGOR,PN - PPBM,,80868,12252,83.83,67790,136,542,67112,UMNO,MUHAMAD YUSOFF BIN MOHD NOOR (YB CHOP),MALE,59,18864,PAN,RAZAK RIDZUAN,MALE,35,16547,PPBM,DATUK WAN SAIFUL WAN JAN,MALE,47,31116,GB,DR. ABDUL HALIM,MALE,51,406,,,,,,,,,,,WARISAN,AKMAL AZHAR,MALE,35,179,,,,,,,,,,,,,,,,,,,,,,,,,,,,,,
P.043,PULAU PINANG,P.043,BAGAN,PH - DAP,,89447,49648,77.72,69516,124,738,68654,MCA,TAN CHUAN HONG,MALE,55,5385,DAP,LIM GUAN ENG,MALE,62,55797,PPBM,ALAN OH,MALE,,6149,IMAN,HAFIZ,MALE,35,1323,,,,,,,,,,,,,,,,,,,,,,,,,,,,,,,,,,,,,,,,,,,,,
P.044,PULAU PINANG,P.044,PERMATANG PAUH,PN - PAS,,107186,5272,82.34,88254,158,648,87448,UMNO,DATUK ZAIDI,MALE,53,16971,PKR,NURUL IZZAH ANWAR,FEMALE,41,32366,PAS,UST FAWWAZ MD JAN,MALE,39,37638,PUTRA,CIKGU NASIR,MALE,,473,,,,,,,,,,,,,,,,,,,,,,,,,,,,,,,,,,,,,,,,,,,,,
P.045,PULAU PINANG,P.045,BUKIT MERTAJAM,PH - DAP,,120819,57685,77.55,93695,183,767,92745,MCA,AH PANG,MALE,39,6986,DAP,STEVEN SIM CHEE KEONG,MALE,40,71722,PAS,STEVEN KOH,MALE,41,14037,,,,,,,,,,,,,,,,,,,,,,,,,,,,,,,,,,,,,,,,,,,,,,,,,,
P.046,PULAU PINANG,P.046,BATU KAWAN,PH - DAP,,88812,40400,78.55,69759,89,839,68831,MCA,TAN LEE HUAT,MALE,55,7145,DAP,CHOW KON YEOW,MALE,64,50744,GERAKAN,WONG CHIA ZHEN,MALE,37,10344,,,,,,,,,,,,,,,,WARISAN,ONG CHIN WEN,MALE,,450,PRM,LEE AH LEONG,MALE,75,148,,,,,,,,,,,,,,,,,,,,,,,,,
P.047,PULAU PINANG,P.047,NIBONG TEBAL,PH - PKR,,100062,16293,80.43,80477,148,1021,79308,MMSP,DATUK SERI THANENTHIRAN,MALE,59,10660,PKR,FADHLINA BINTI SIDEK,FEMALE,44,42188,PPBM,DATO' MANSOR BIN OTHMAN,MALE,72,25895,,,,,,,,,,,,,,,,,,,,,,,,,,,,,,,INDEPENDENT - KEY,GOH KHENG HUAT,MALE,60,565,,,,,,,,,,,,,,,
P.048,PULAU PINANG,P.048,BUKIT BENDERA,PH - DAP,,92521,42610,68.53,63404,262,653,62489,PCM,RICHIE HUAN XIN YUN,MALE,33,5417,DAP,SYERLEENA ABDUL RASHID,FEMALE,42,49353,GERAKAN,HNG CHEE WEY,MALE,,6743,,,,,,,,,,,,,,,,,,,,,PRM,TEH YEE CHEU,MALE,64,677,,,,,,INDEPENDENT - PEN,RAZALIF ZAIN,MALE,,299,,,,,,,,,,,,,,,
P.049,PULAU PINANG,P.049,TANJONG,PH - DAP,,52803,28754,72.23,38141,72,386,37683,MCA,TAN KIM NEE,FEMALE,38,3214,DAP,LIM HUI YING,FEMALE,59,31968,GERAKAN,AH LENG,MALE,58,2501,,,,,,,,,,,,,,,,,,,,,,,,,,,,,,,,,,,,,,,,,,,,,,,,,,
P.050,PULAU PINANG,P.050,JELUTONG,PH - DAP,,93989,38604,76.34,71753,188,858,70707,IPF,DATUK LOGANATHAN A/L THORAISAMY,MALE,59,7387,DAP,SANISVARA NETHAJI RAYER (RSN RAYER),MALE,51,50369,GERAKAN,BALJIT SINGH,MALE,56,11765,,,,,,,,,,,,,,,,WARISAN,LIM HUAT POH (MARTIN),MALE,54,442,PRM,KOH SWE YONG,MALE,71,264,,,,,,INDEPENDENT - CHAIR,YACOOB BIN NOOR,MALE,33,480,,,,,,,,,,,,,,,
P.051,PULAU PINANG,P.051,BUKIT GELUGOR,PH - DAP,,117134,63112,74.27,86996,277,646,86073,MCA,WONG CHIN CHONG,MALE,48,6777,DAP,RAMKARPAL SINGH,MALE,46,71204,PPBM,P. THINAGARANABHAN,MALE,41,8092,,,,,,,,,,,,,,,,,,,,,,,,,,,,,,,,,,,,,,,,,,,,,,,,,,
P.052,PULAU PINANG,P.052,BAYAN BARU,PH - PKR,,119640,34902,76.24,91217,339,1170,89708,MCA,SAW YEE FUNG,FEMALE,33,13377,PKR,SIM TZE TZIN,MALE,46,55209,GERAKAN,OH TONG KEONG,MALE,54,20307,,,,,,,,,,,,,,,,WARISAN,JEFF OOI,MALE,67,440,PRM,RAVINDER SINGH,MALE,80,251,,,,,,INDEPENDENT - KEY,KAN CHEE YUEN,MALE,49,124,,,,,,,,,,,,,,,
P.053,PULAU PINANG,P.053,BALIK PULAU,PH - PKR,,80264,1582,80.9,64937,163,863,63911,UMNO,DATUK SHAH HEADAN BIN AYOOB SHAH,MALE,58,15478,PKR,MUHAMMAD BAKHTIAR BIN WAN CHIK,MALE,57,24564,PPBM,HARRIS IDAHAM RASHID,MALE,30,22982,PEJUANG,FAZLI MOHAMMAD,MALE,47,341,,,,,,,,,,,,,,,,,,,,,,,,,,INDEPENDENT - TRACTOR,DATO' SRI JOHNNY (DSJ),MALE,50,180,INDEPENDENT - TREE,DATO SRI SABARUDDIN BIN AHMAD,MALE,49,366,,,,,,,,,,
P.054,PERAK,P.054,GERIK,PN - PPBM,,47565,1377,74.34,35360,78,670,34612,UMNO,DR ASYRAF WAJDI DUSUKI,MALE,46,13728,DAP,TARMIZI MOHD JAM,MALE,53,5779,PPBM,FATHUL HUZIR AYOB,MALE,,15105,,,,,,,,,,,,,,,,,,,,,,,,,,,,,,,,,,,,,,,,,,,,,,,,,,
P.055,PERAK,P.055,LENGGONG,BN - UMNO,,36950,879,76.29,28190,68,443,27679,UMNO,DR SHAMSUL ANUAR NASARAH,MALE,55,12588,PKR,JUREY LATIFF ROSLI,MALE,56,3382,PAS,USTAZ RIF'AAT RAZMAN,MALE,,11709,,,,,,,,,,,,,,,,,,,,,,,,,,,,,,,,,,,,,,,,,,,,,,,,,,
P.056,PERAK,P.056,LARUT,PN - PPBM,,65719,11598,80.29,52764,138,751,51875,UMNO,SHAFIQ FHADLY MAHMUD,MALE,37,16752,PAN,USTAZ ZOLKHARNAIN BIN ABIDIN,MALE,,6207,PPBM,DATO SERI HAMZAH ZAINUDIN,MALE,65,28350,BERJASA,USTAZ AUZAIE,MALE,47,566,,,,,,,,,,,,,,,,,,,,,,,,,,,,,,,,,,,,,,,,,,,,,
P.057,PERAK,P.057,PARIT BUNTAR,PN - PAS,,68502,5395,78.24,53596,101,592,52903,UMNO,CIKGU IMRAN,MALE,47,11593,PAN,DATUK SERI DR MUJAHID YUSOF RAWA,MALE,58,17828,PAS,USTAZ MISBAH,MALE,,23223,PEJUANG,HJ ROHIJAS,MALE,,259,,,,,,,,,,,,,,,,,,,,,,,,,,,,,,,,,,,,,,,,,,,,,
P.058,PERAK,P.058,BAGAN SERAI,PN - PAS,,80293,18551,79.11,63519,93,893,62533,UMNO,HAJI ZUL HELMI GHAZALI,MALE,43,15202,PKR,SITI AISHAH BINTI SHAIK ISMAIL,FEMALE,37,13195,PAS,DATUK USTAZ IDRIS,MALE,59,33753,PEJUANG,HAJI AHMAD LUQMAN,MALE,,383,,,,,,,,,,,,,,,,,,,,,,,,,,,,,,,,,,,,,,,,,,,,,
P.059,PERAK,P.059,BUKIT GANTANG,PN - PPBM,,94253,12756,77.17,72738,138,1033,71567,UMNO,MOHAMMAD SOLLEHIN,MALE,,19869,PAN,DR FAKHARULUDIN MOHD HASHIM,MALE,58,18565,PPBM,DATO' SYED ABU HUSSIN,MALE,62,32625,PEJUANG,MOHD SHUKRI,MALE,,508,,,,,,,,,,,,,,,,,,,,,,,,,,,,,,,,,,,,,,,,,,,,,
P.060,PERAK,P.060,TAIPING,PH - DAP,,121566,25529,70.87,86159,247,1143,84769,MCA,NEOW CHOO SEONG,MALE,37,14599,DAP,WONG KAH WOH,MALE,42,47098,GERAKAN,CIKGU SEE TEAN SENG,MALE,66,21569,,,,,,,,,,,,,,,,,,,,,,,,,,,,,,,INDEPENDENT - ELEPHANT,MOHGANAN A/L P MANIKAM,MALE,,236,INDEPENDENT - RABBIT,TS.DR.RAMA,MALE,,113,INDEPENDENT - SPECTACLES,LEOW THYE YIH,MALE,55,1154,,,,,
P.061,PERAK,P.061,PADANG RENGAS,PN - PPBM,,38686,3046,78.36,30316,68,370,29878,UMNO,MOHD ARRIF BIN ABDUL MAJID,MALE,,9885,PKR,KAMIL MUNIM,MALE,32,7062,PPBM,KAPTEN AZAHARI,MALE,,12931,,,,,,,,,,,,,,,,,,,,,,,,,,,,,,,,,,,,,,,,,,,,,,,,,,
P.062,PERAK,P.062,SUNGAI SIPUT,PH - PKR,,72395,1846,72.83,52725,85,991,51649,MIC,TAN SRI SA. VIGNESWARAN (TSV),MALE,56,19791,PKR,S. KESAVAN,MALE,50,21637,PPBM,DATO SRI IRUDIANATHAN,MALE,56,8190,PEJUANG,AHMAD FAUZI BIN MOHD JAAFAR,MALE,49,784,,,,,,,,,,,,,,,,,,,,,,,,,,INDEPENDENT - KEY,INDRANI,FEMALE,50,614,INDEPENDENT - BOOK,HAJI BAHA,MALE,63,598,INDEPENDENT - DONKEY,RAJAH A/L NARASAIM,MALE,57,35,,,,,
P.063,PERAK,P.063,TAMBUN,PH - PKR,,160558,3716,78.79,126502,305,1378,124819,UMNO,AMINUDDIN HANAFIAH,MALE,59,28111,PKR,ANWAR IBRAHIM,MALE,75,49655,PPBM,AHMAD FAIZAL AZUMU @ PEJA,MALE,52,45939,PEJUANG,ABDUL RAHIM TAHIR,MALE,,1114,,,,,,,,,,,,,,,,,,,,,,,,,,,,,,,,,,,,,,,,,,,,,
P.064,PERAK,P.064,IPOH TIMOR,PH - DAP,,118178,43888,68.41,80845,381,684,79780,MCA,NG KAI CHEONG,MALE,38,8570,DAP,HOWARD LEE CHUAN HOW,MALE,39,57549,PPBM,NOR AFZAINIZAM BIN SALLEH,MALE,,13661,,,,,,,,,,,,,,,,,,,,,,,,,,,,,,,,,,,,,,,,,,,,,,,,,,
P.065,PERAK,P.065,IPOH BARAT,PH - DAP,,114654,56667,69.18,79315,185,774,78356,MCA,AH NAN,MALE,39,7248,DAP,M. KULA,MALE,65,63915,GERAKAN,CHEK KWONG WENG,MALE,,6815,,,,,,,,,,,,,,,,,,,,,,,,,,,,,,,INDEPENDENT - CLOCK,TAN SRI M KAYVEAS,MALE,68,378,,,,,,,,,,,,,,,
P.066,PERAK,P.066,BATU GAJAH,PH - DAP,,111896,53836,67.86,75938,155,828,74955,MCA,TEOH CHIN CHONG,MALE,63,6793,DAP,V. SIVAKUMAR,MALE,52,60999,GERAKAN,WOO CHEONG YUEN,MALE,,7163,,,,,,,,,,,,,,,,,,,,,,,,,,,,,,,,,,,,,,,,,,,,,,,,,,
P.067,PERAK,P.067,KUALA KANGSAR,PN - PPBM,,46985,3566,77.11,36232,35,443,35754,UMNO,MASLIN SHAM BIN RAZMAN,MALE,53,10814,PAN,DR. AHMAD TERMIZI RAMLI,MALE,68,10356,PPBM,ISKANDAR DZULKARNAIN,MALE,46,14380,PEJUANG,DR YUSMALIA BT MOHAMAD YUSOF,FEMALE,43,204,,,,,,,,,,,,,,,,,,,,,,,,,,,,,,,,,,,,,,,,,,,,,
P.068,PERAK,P.068,BERUAS,PH - DAP,,108249,33971,67.88,73484,186,1125,72173,MCA,DING SIEW CHEE,MALE,55,12724,DAP,DATO' NGEH KOO HAM,MALE,61,46710,GERAKAN,IR. ONG KEAN SING,MALE,43,12739,,,,,,,,,,,,,,,,,,,,,,,,,,,,,,,,,,,,,,,,,,,,,,,,,,
P.069,PERAK,P.069,PARIT,PN - PAS,,47915,2155,79.67,38173,126,502,37545,UMNO,DATO' NIZAR,MALE,53,15026,PAN,NURTHAQAFFAH NORDIN,FEMALE,31,5063,PAS,USTAZ ISMI,MALE,48,17181,PEJUANG,DR. FAIZOL FADZLI,MALE,,275,,,,,,,,,,,,,,,,,,,,,,,,,,,,,,,,,,,,,,,,,,,,,
P.070,PERAK,P.070,KAMPAR,PH - DAP,,89894,14330,67.19,60399,161,852,59386,MCA,LEE CHEE LEONG,MALE,57,16137,DAP,CHONG ZEMIN,MALE,,30467,GERAKAN,JANICE WONG,FEMALE,,12127,,,,,,,,,,,,,,,,WARISAN,LEONG CHEOK KENG,MALE,,655,,,,,,,,,,,,,,,,,,,,,,,,,,,,,,
P.071,PERAK,P.071,GOPENG,PH - PKR,,143657,27148,73.09,105000,270,1092,103638,MCA,CALLY TING,FEMALE,32,18393,PKR,TAN KAR HING,MALE,40,55880,PPBM,MUHAMMAD FARHAN BIN ABDUL RAHIM,MALE,29,28732,,,,,,,,,,,,,,,,WARISAN,BALACHANDRAN A/L GOPAL,MALE,45,633,,,,,,,,,,,,,,,,,,,,,,,,,,,,,,
P.072,PERAK,P.072,TAPAH,BN - MIC,,61946,5064,73.51,45537,90,966,44481,MIC,DATUK SERI M. SARAVANAN,MALE,54,18398,PKR,SARASWATHY KANDASAMI,FEMALE,,13334,PPBM,DATUK HAJI MUHAMMAD YADZAN BIN HAJI MOHAMMAD,MALE,,12115,PEJUANG,MIOR HAIDIR,MALE,,335,,,,,,,,,,,WARISAN,MOHAMED AKBAR B. YASIN,MALE,,200,,,,,,,,,,,INDEPENDENT - KEY,M. KATHIRAVAN,MALE,,99,,,,,,,,,,,,,,,
P.073,PERAK,P.073,PASIR SALAK,PN - PAS,,74761,5003,77.87,58218,310,885,57023,UMNO,KHAIRUL AZWAN HARUN,MALE,46,19894,PKR,USTAZ NIK OMAR,MALE,57,11693,PAS,USTAZ JAMALUDIN BIN YAHYA,MALE,51,24897,PUTRA,ZAIROL HIZAM BIN ZAKARIA,MALE,49,539,,,,,,,,,,,,,,,,,,,,,,,,,,,,,,,,,,,,,,,,,,,,,
P.074,PERAK,P.074,LUMUT,PN - PPBM,,92972,363,78.17,72673,520,991,71162,UMNO,DR ZAMBRY ABD KADIR,MALE,60,24849,PAN,DR HATTA RAMLI,MALE,66,20358,PPBM,KOMANDER (B) NORDIN,MALE,56,25212,PEJUANG,MAZLAN ABD GHANI,MALE,47,385,,,,,,,,,,,WARISAN,KOMANDER ISNIN,MALE,,358,,,,,,,,,,,,,,,,,,,,,,,,,,,,,,
P.075,PERAK,P.075,BAGAN DATUK,BN - UMNO,,58183,348,73.38,42694,90,748,41856,UMNO,ZAHID HAMIDI,MALE,69,16578,PKR,DATUK SERI HAJI SHAMSUL ISKANDAR,MALE,47,16230,PPBM,DR. FAIZ NA'AMAN,MALE,39,8822,,,,,,,,,,,,,,,,,,,,,,,,,,,,,,,INDEPENDENT - KEY,TAWFIK TUN DR ISMAIL,MALE,71,226,,,,,,,,,,,,,,,
P.076,PERAK,P.076,TELUK INTAN,PH - DAP,,87222,15169,74.68,65137,218,725,64194,MIC,DATO T. MURUGIAH,MALE,,12304,DAP,NGA KOR MING,MALE,50,33133,PPBM,ZAINOL FADZI PAHARUDIN,MALE,56,17964,PEJUANG,AMIR KHUSYAIRI,MALE,40,793,,,,,,,,,,,,,,,,,,,,,,,,,,,,,,,,,,,,,,,,,,,,,
P.077,PERAK,P.077,TANJONG MALIM,PH - PKR,,93873,3541,75.56,70928,113,1144,69671,MCA,DR MAH HANG SOON,MALE,57,20963,PKR,CHANG LIH KANG,MALE,41,25140,PPBM,NOLEE RADZI,FEMALE,47,21599,IMAN,DR AMIR HAMZAH,MALE,50,609,,,,,,,,,,,,,,,,,,,,,,,,,,INDEPENDENT - DONKEY,DATUK JAMALUDDIN BIN MOHD. RADZI,MALE,66,1032,INDEPENDENT - PEN,CIKGU IZZAT JOHARI,MALE,,328,,,,,,,,,,
P.078,PAHANG,P.078,CAMERON HIGHLANDS,BN - UMNO,,46020,4544,74.29,34189,74,850,33265,UMNO,DATO' RAMLI BIN MOHD NOR,MALE,64,16120,DAP,CHIONG YOKE KONG,MALE,39,11576,PPBM,DR.ABDUL RASID,MALE,,5569,,,,,,,,,,,,,,,,,,,,,,,,,,,,,,,,,,,,,,,,,,,,,,,,,,
P.079,PAHANG,P.079,LIPIS,BN - UMNO,,47124,6118,77.12,36343,100,388,35855,UMNO,DATO SRI ABDUL RAHMAN BIN MOHAMAD,MALE,58,17672,DAP,TENGKU ZULPURI SHAH BIN RAJA PUJI,MALE,58,6366,PPBM,DATO' SHAHRUM,MALE,69,11554,PEJUANG,AISHATON BINTI ABU BAKAR,FEMALE,,263,,,,,,,,,,,,,,,,,,,,,,,,,,,,,,,,,,,,,,,,,,,,,
P.080,PAHANG,P.080,RAUB,PH - DAP,,75064,4357,76.06,57097,121,741,56235,MCA,CHONG SIN WOON,MALE,48,16939,DAP,CHOW YU HUI,MALE,33,21613,PPBM,DATO FAKRUNIZAM IBRAHIM,MALE,41,17256,PEJUANG,NORKHAIRUL ANUAR BIN MOHAMED NOR,MALE,,427,,,,,,,,,,,,,,,,,,,,,,,,,,,,,,,,,,,,,,,,,,,,,
P.081,PAHANG,P.081,JERANTUT,PN - PAS,,87051,8092,77.86,67774,182,838,66754,UMNO,DATO' MOHD ZUKARMI,MALE,,23609,PKR,DATO' DR HASSAN BASRI BIN AWANG MAT DAHAN,MALE,,11444,PAS,IR. HAJI KHAIRIL,MALE,43,31701,,,,,,,,,,,,,,,,,,,,,,,,,,,,,,,,,,,,,,,,,,,,,,,,,,
P.082,PAHANG,P.082,INDERA MAHKOTA,PN - PPBM,,120549,8450,78.3,94392,285,780,93327,MCA,DATO' QUEK TAI SEONG,MALE,43,16544,PKR,HAJI ZURAIDI ISMAIL,MALE,56,33234,PPBM,DATO' SRI SAIFUDDIN ABDULLAH,MALE,61,41684,BERJASA,DR. MOHAMAD NOR BIN SUNDARI,MALE,58,1865,,,,,,,,,,,,,,,,,,,,,,,,,,,,,,,,,,,,,,,,,,,,,
P.083,PAHANG,P.083,KUANTAN,PN - PAS,,87597,2866,78.22,68515,122,631,67762,UMNO,DATO' SRI AB HAMID BIN MOHD NAZAHAR,MALE,57,19114,PKR,FUZIAH SALLEH,FEMALE,64,22648,PAS,WAN RAZALI WAN NOR,MALE,41,25514,PEJUANG,MEJAR ANUAR TAJUDDIN (B),MALE,,486,,,,,,,,,,,,,,,,,,,,,,,,,,,,,,,,,,,,,,,,,,,,,
P.084,PAHANG,P.084,PAYA BESAR,BN - UMNO,,79744,1317,78.71,62769,108,678,61983,UMNO,DATO' INDERA MOHD SHAHAR BIN ABDULLAH,MALE,42,26899,PAN,AHMAD AZAM,MALE,62,9192,PAS,USTAZ AIRE ROSLAN,MALE,40,25582,PEJUANG,IR. ROSMINAHAR,MALE,,310,,,,,,,,,,,,,,,,,,,,,,,,,,,,,,,,,,,,,,,,,,,,,
P.085,PAHANG,P.085,PEKAN,BN - UMNO,,119443,8949,79.22,94618,227,1350,93041,UMNO,SH MOHMED PUZI BIN SH ALI,MALE,,47418,PKR,MOHD NAIM ZAINAL ABIDIN,MALE,56,6316,PAS,USTAZ MOHD FADHIL NOOR,MALE,,38469,PEJUANG,DATO' RADHI ABDUL RAZAK,MALE,,472,,,,,,,,,,,,,,,,,,,,,,,,,,INDEPENDENT - HOUSE,TENGKU DATO' HISHAM,MALE,66,366,,,,,,,,,,,,,,,
P.086,PAHANG,P.086,MARAN,PN - PAS,,53128,1821,78.42,41665,151,422,41092,UMNO,SHAHANIZA SHAMSUDDIN,FEMALE,52,17779,PAN,AHMAD SHUHOR,MALE,,3547,PAS,DATO SRI DR HJ ISMAIL B HJ ABD MUTTALIB,MALE,68,19600,,,,,,,,,,,,,,,,,,,,,,,,,,,,,,,INDEPENDENT - PEN,MUHAMAD HAFIZ AL-HAFIZ,MALE,,166,,,,,,,,,,,,,,,
P.087,PAHANG,P.087,KUALA KRAU,PN - PAS,,60537,1024,80.02,48440,99,598,47743,UMNO,DATO' SRI DR HAJI ISMAIL BIN MOHAMED SAID,MALE,55,21481,PAN,JUHARI OSMAN,MALE,45,3593,PAS,USTAZ HAJI KAMAL BIN ASHAARI,MALE,52,22505,PEJUANG,SHAHRUDDIN MOHAMED SALLEH,MALE,66,164,,,,,,,,,,,,,,,,,,,,,,,,,,,,,,,,,,,,,,,,,,,,,
P.088,PAHANG,P.088,TEMERLOH,PN - PAS,,106829,5520,78.27,83612,216,759,82637,UMNO,DATO' SRI HJ MOHD SHARKAR BIN HJ SHAMSUDIN,MALE,60,25191,PAN,HASBIE MUDA,MALE,35,25409,PAS,HJH SALAMIAH MOHD NOR,FEMALE,,30929,GB,AMINUDDIN BIN YAHAYA,MALE,,1108,,,,,,,,,,,,,,,,,,,,,,,,,,,,,,,,,,,,,,,,,,,,,
P.089,PAHANG,P.089,BENTONG,PH - DAP,,87058,692,77.48,67454,122,675,66657,MCA,TAN SRI LIOW TIONG LAI,MALE,61,24383,DAP,YOUNG SYEFURA BINTI OTHMAN,FEMALE,33,25075,PPBM,DATUK ROSLAN HASSAN,MALE,,16233,,,,,,,,,,,,,,,,,,,,,,,,,,,,,,,INDEPENDENT - PEN,ACHIK KHALIL,MALE,,168,INDEPENDENT - HOE,WONG TACK,MALE,,798,,,,,,,,,,
P.090,PAHANG,P.090,BERA,BN - UMNO,,77669,16695,77.9,60507,145,814,59548,UMNO,ISMAIL SABRI BIN YAAKOB,MALE,62,31762,PKR,HAJI ABAS BIN AWANG,MALE,71,15067,PPBM,DATO ASMAWI,MALE,,12719,,,,,,,,,,,,,,,,,,,,,,,,,,,,,,,,,,,,,,,,,,,,,,,,,,
P.091,PAHANG,P.091,ROMPIN,PN - PPBM,,89131,1438,76.55,68233,177,1129,66927,UMNO,DATO' SRI HAJI HASAN BIN ARIFIN,MALE,69,30151,PKR,ERMAN SHAH,MALE,43,4779,PPBM,DATO' KHALIB,MALE,,31589,,,,,,,,,,,,,,,,,,,,,,,,,,,,,,,INDEPENDENT - BOOK,HAMIZI BIN HUSSAIN,MALE,,408,,,,,,,,,,,,,,,
P.092,SELANGOR,P.092,SABAK BERNAM,PN - PPBM,,51609,5056,80.38,41485,62,446,40977,UMNO,ABD RAHMAN BIN BAKRI,MALE,57,12917,PAN,HJ. SHAMSUL MA`ARIF ISMAIL,MALE,58,9627,PPBM,CIKGU KALAM BIN SALAN,MALE,57,17973,GB,DATO` SRI EIZLAN YUSOF,MALE,51,460,,,,,,,,,,,,,,,,,,,,,,,,,,,,,,,,,,,,,,,,,,,,,
P.093,SELANGOR,P.093,SUNGAI BESAR,PN - PPBM,,64382,2721,80.14,51594,83,441,51070,UMNO,DATO' SRI JAMAL YUNOS,MALE,52,13984,PKR,HJ SAIPOLYAZAN M YUSOP,MALE,52,17070,PPBM,CIKGU MUSLIMIN YAHAYA,MALE,55,19791,PUTRA,DATO' ASMAWAR BIN SAMAT,MALE,,225,,,,,,,,,,,,,,,,,,,,,,,,,,,,,,,,,,,,,,,,,,,,,
P.094,SELANGOR,P.094,HULU SELANGOR,PN - PAS,,154317,1562,80.41,124084,218,1424,122442,MIC,DATUK T.MOHAN,MALE,49,27050,PKR,DR. SATHIA PRAKASH NADARAJAN,MALE,45,45261,PAS,HASNIZAN HARUN,MALE,52,46823,PEJUANG,HARUMAINI BIN HAJI OMAR,MALE,,1849,,,,,,,,,,,,,,,,PBM,HANIZA TALHA,FEMALE,60,1013,,,,,,INDEPENDENT - PEN,AZLINDA BINTI BARONI,FEMALE,,446,,,,,,,,,,,,,,,
P.095,SELANGOR,P.095,TANJONG KARANG,PN - PPBM,,62194,2180,83.4,51872,94,573,51205,UMNO,DATO' HJH. HABIBAH,FEMALE,52,15874,,,,,,PPBM,KAPT (B) DATO DR ZULKAFPERI,MALE,,18054,GB,LANDO BROTHERHOOD,MALE,47,3557,,,,,,,,,,,,,,,,MUDA,CIKGU RAHAYU,FEMALE,41,12314,,,,,,INDEPENDENT - TREE,MOHD ROSNI,MALE,59,1406,,,,,,,,,,,,,,,
P.096,SELANGOR,P.096,KUALA SELANGOR,PH - PAN,,102951,1002,85.17,87685,132,1072,86481,UMNO,TENGKU ZAFRUL AZIZ,MALE,49,30031,PAN,DS DR DZULKEFLY BIN AHMAD,MALE,66,31033,PAS,USTAZ MOHD NOOR SHAHAR,MALE,46,23639,PEJUANG,YB SHAID ROSLI,MALE,40,1778,,,,,,,,,,,,,,,,,,,,,,,,,,,,,,,,,,,,,,,,,,,,,
P.097,SELANGOR,P.097,SELAYANG,PH - PKR,,181539,23619,80.63,146369,300,1188,144881,MCA,CHAN WUN HOONG,MALE,43,19425,PKR,WILLIAM LEONG JEE KEEN,MALE,65,72773,PPBM,DATUK ABDUL RASHID ASARI,MALE,71,49154,PEJUANG,SALLEH AMIRUDDIN,MALE,59,2584,,,,,,,,,,,,,,,,,,,,,,,,,,INDEPENDENT - PEN,MUHAMMAD ZAKI BIN OMAR,MALE,37,945,,,,,,,,,,,,,,,
P.098,SELANGOR,P.098,GOMBAK,PH - PKR,,206744,12729,80.8,167047,499,1122,165426,UMNO,MEGAT ZULKARNAIN BIN OMARDIN,MALE,53,30723,PKR,AMIRUDIN SHARI,MALE,42,72267,PPBM,DATO' SERI AZMIN ALI,MALE,58,59538,PUTRA,DATUK DR. AZIZ JAMALUDIN,MALE,68,2223,,,,,,,,,,,,,,,,,,,,,,,,,,INDEPENDENT - PEN,IR HJ ZULKIFLI,MALE,,675,,,,,,,,,,,,,,,
P.099,SELANGOR,P.099,AMPANG,PH - PKR,,133494,29681,79.06,105547,283,834,104430,MCA,IVONE LOW YI WEN,FEMALE,29,11509,PKR,RODZIAH ISMAIL,FEMALE,58,56754,PPBM,SASHA LYNA,FEMALE,,27073,PEJUANG,DR. NURUL ASHIKIN,FEMALE,33,2653,,,,,,,,,,,WARISAN,BRYAN LAI,MALE,,1423,PBM,ZURAIDA BINTI KAMARUDDIN,FEMALE,64,4589,,,,,,INDEPENDENT - PEN,M.RAVEEN,MALE,,148,INDEPENDENT - CLOCK,MUHAMMAD SHAFIQ IZWAN BIN MOHD YUNOS,MALE,,188,INDEPENDENT - ELEPHANT,TAN HUA MENG,MALE,,93,,,,,
P.100,SELANGOR,P.100,PANDAN,PH - PKR,,148730,48296,78.31,116476,214,606,115656,MCA,LEONG KOK WEE,MALE,54,11664,PKR,RAFIZI RAMLI,MALE,45,74002,PAS,FARIQUE ZUBIR,MALE,35,25706,GB,NADIA HANAFIAH,FEMALE,53,961,,,,,,,,,,,WARISAN,ONG TEE KEAT,MALE,66,3323,,,,,,,,,,,,,,,,,,,,,,,,,,,,,,
P.101,SELANGOR,P.101,HULU LANGAT,PH - PAN,,166902,14888,82.89,138341,339,1215,136787,UMNO,DATUK WIRA HAJI JOHAN BIN ABD AZIZ,MALE,56,32564,PAN,YB MOHD SANY HAMZAN,MALE,46,58380,PPBM,DATO' DR. MOHD RADZI ABD LATIF,MALE,60,43492,PEJUANG,DATO HAJI MARKIMAN KOBIRAN,MALE,,1655,,,,,,,,,,,WARISAN,DATO' ABDUL RAHMAN BIN JAAFAR,MALE,,370,,,,,,,,,,,INDEPENDENT - TREE,DR MOHAMED MUSTAFA,MALE,,326,,,,,,,,,,,,,,,
P.102,SELANGOR,P.102,BANGI,PH - DAP,,303430,69701,81.34,246795,574,1930,244291,MCA,HOH HEE LEE,MALE,62,25685,DAP,SYAHREDZAN BIN JOHAN,MALE,39,141568,PAS,NAZRUL NAZIR,MALE,27,71867,BERJASA,USTAZ ANNUAR BIN SALLEH,MALE,56,3148,,,,,,,,,,,,,,,,PRM,CHEE CHEE MENG,MALE,,752,,,,,,INDEPENDENT - KEY,DR. JAMAL,MALE,65,676,INDEPENDENT - PEN,FAUZI HASIM,MALE,,401,INDEPENDENT - HOE,ASSOCIATE PROF. SUTHAN M,MALE,,194,,,,,
P.103,SELANGOR,P.103,PUCHONG,PH - DAP,,152861,57957,80.1,122437,266,1222,120949,KIMMA,DATUK SERI HAJI SYED IBRAHIM,MALE,,21468,DAP,YEO BEE YIN,FEMALE,39,79425,GERAKAN,JIMMY CHEW JYH GANG,MALE,,18263,,,,,,,,,,,,,,,,,,,,,,,,,,,,,,,INDEPENDENT - PHONE,UNCLE KENTANG,MALE,59,1793,,,,,,,,,,,,,,,
P.104,SELANGOR,P.104,SUBANG,PH - PKR,,230940,115074,77.76,179578,657,938,177983,MCA,DR KOW,MALE,56,16539,PKR,WONG CHEN,MALE,53,138259,GERAKAN,ALEX ANG H N,MALE,,23185,,,,,,,,,,,,,,,,,,,,,,,,,,,,,,,,,,,,,,,,,,,,,,,,,,
P.105,SELANGOR,P.105,PETALING JAYA,PH - PKR,,195148,50575,75.85,148021,495,1664,145862,MCA,CHEW HIAN TAT,MALE,48,23253,PKR,LEE CHEAN CHUNG,MALE,41,83311,PPBM,DATO THENG BOOK,MALE,62,32736,GB,MAZWEEN MOKHTAR,FEMALE,44,4052,,,,,,,,,,,,,,,,PRM,DATUK EZAM MOHD NOR,MALE,55,2049,,,,,,INDEPENDENT - KEY,DR. K. J. JOHN,MALE,72,461,,,,,,,,,,,,,,,
P.106,SELANGOR,P.106,DAMANSARA,PH - DAP,,239103,124619,73.87,176625,715,973,174937,MCA,TAN GIM TUAN GT,MALE,53,13806,DAP,GOBIND SINGH DEO,MALE,49,142875,GERAKAN,LIM SI CHING,MALE,30,18256,,,,,,,,,,,,,,,,,,,,,,,,,,,,,,,,,,,,,,,,,,,,,,,,,,
P.107,SELANGOR,P.107,SUNGAI BULOH,PH - PKR,,158090,2693,82.77,130846,262,945,129639,UMNO,KHAIRY JAMALUDDIN,MALE,46,48250,PKR,RAMANAN RAMAKRISHNAN,MALE,41,50943,PAS,HJ MOHD GHAZALI BIN MD HAMIN,MALE,60,29060,PEJUANG,AKMAL YUSOFF,MALE,,829,,,,,,,,,,,,,,,,PRM,AHMAD JUFLIZ,MALE,,279,,,,,,INDEPENDENT - BOOK,SIFU LINDA,FEMALE,33,113,INDEPENDENT - SPECTACLES,SYED RAZAK ALSAGOFF,MALE,62,165,,,,,,,,,,
P.108,SELANGOR,P.108,SHAH ALAM,PH - PAN,,165744,18095,82.71,137082,393,919,135770,UMNO,ISHAM JALIL,MALE,,28266,PAN,AZLI YUSOF,MALE,55,61409,PPBM,DR. AFIF BAHARDIN,MALE,37,43314,PEJUANG,RAFIQUE RASHID,MALE,45,2781,,,,,,,,,,,,,,,,,,,,,,,,,,,,,,,,,,,,,,,,,,,,,
P.109,SELANGOR,P.109,KAPAR,PN - PAS,,189369,11782,84.33,159700,206,1464,158030,UMNO,MUHAMMAD BIN NOOR AZMAN,MALE,30,35079,PKR,ABDULLAH SANI,MALE,60,53969,PAS,DR HALIMAH ALI,FEMALE,62,65751,BERJASA,UST. HJ. MOHD PATHAN BIN HUSSIN,MALE,,1015,,,,,,,,,,,WARISAN,DATO' SERI RAHIM,MALE,,265,PBM,DR DAROYAH BINTI ALWI,FEMALE,60,1474,,,,,,INDEPENDENT - ELEPHANT,DATO' SRI SIVALINGAM,MALE,,477,,,,,,,,,,,,,,,
P.110,SELANGOR,P.110,KLANG,PH - DAP,,208913,91801,79.25,165554,275,1374,163905,MCA,TEE HOOI LING,FEMALE,47,19762,DAP,GANABATIRAU A/L VERAMAN,MALE,49,115539,PPBM,DR JAYA,MALE,47,23738,,,,,,,,,,,,,,,,WARISAN,LOO CHENG WEE,MALE,59,1140,PRM,CHANDRASEGAR,MALE,,271,,,,,,INDEPENDENT - HOUSE,HEDRHIN RAMLI @ AWIN,MALE,43,3016,INDEPENDENT - RING,DEEPAK JAIKISHAN,MALE,,439,,,,,,,,,,
P.111,SELANGOR,P.111,KOTA RAJA,PH - PAN,,244712,73998,81.68,199878,552,1586,197740,MIC,KAJENDRAN,MALE,40,22225,PAN,MOHD SABU,MALE,68,123306,PAS,HAJI MOHAMED DIAH BAHARUN,MALE,47,49308,BERJASA,FAHMI BAZLAN MUDA,MALE,,2063,,,,,,,,,,,,,,,,PRM,SARAH AFIQAH,FEMALE,,360,,,,,,INDEPENDENT - HOE,KUMAR KARANANEDI,MALE,,163,INDEPENDENT - ELEPHANT,P.RAVEENTHARAN A/L A.PERIASAMY,MALE,59,209,INDEPENDENT - TELEVISION,SURENDHAR SELVARAJU,MALE,,106,,,,,
P.112,SELANGOR,P.112,KUALA LANGAT,PN - PAS,,148637,1833,84.4,125449,153,1436,123860,MIC,MOHANA MUNIANDY,FEMALE,,18685,PKR,MANIVANAN GOWIN,MALE,46,51034,PAS,DR AHMAD YUNUS HAIRI,MALE,57,52867,GB,MOHD RIDZUAN ABDULLAH,MALE,,591,,,,,,,,,,,,,,,,PRM,GANESKUMAR,MALE,,171,,,,,,INDEPENDENT - PEN,HAJAH ZANARIAH JUMHURI,FEMALE,,512,,,,,,,,,,,,,,,
P.113,SELANGOR,P.113,SEPANG,PH - PAN,,168039,8949,83.12,139667,289,1423,137955,UMNO,ANUAR BIN BASIRAN,MALE,45,31097,PAN,AIMAN ATHIRAH,FEMALE,50,56264,PPBM,DATUK SERI RINA HARUN,FEMALE,49,47315,PEJUANG,CHE ASMAH IBRAHIM,FEMALE,59,2337,,,,,,,,,,,,,,,,PRM,NAGESWARAN RAVI,MALE,,165,PUR,DAUD LEONG,MALE,57,264,,,,,,INDEPENDENT - PEN,SHAHRUL AMRI MAT SARI,MALE,,319,INDEPENDENT - ELEPHANT,M. MUNESWARAN,MALE,,194,,,,,
P.114,WILAYAH PERSEKUTUAN KUALA LUMPUR,P.114,KEPONG,PH - DAP,,94285,61081,77.06,72657,70,268,72319,MCA,YAP ZHENG HOE,MALE,30,3227,DAP,LIM LIP ENG,MALE,50,64308,GERAKAN,PHAANG JING FATT,MALE,,2795,,,,,,,,,,,,,,,,WARISAN,SHAUN YOUNG,MALE,,528,,,,,,,,,,,INDEPENDENT - ELEPHANT,YEE POH PING,MALE,62,1461,,,,,,,,,,,,,,,
P.115,WILAYAH PERSEKUTUAN KUALA LUMPUR,P.115,BATU,PH - PKR,,113863,22241,77.15,87841,218,477,87146,MIC,A. KOHILAN PILLAY,MALE,,10398,PKR,PRABAKARAN PARAMESWARAN,MALE,26,45716,PAS,USTAZ AZHAR YAHYA,MALE,47,23475,PEJUANG,WAN AZLIANA,FEMALE,45,849,,,,,,,,,,,WARISAN,NATHAN BATU,MALE,,575,PRM,ZULKIFLI FATTAH,MALE,,137,,,,,,INDEPENDENT - SPECTACLES,SITI KASIM,FEMALE,59,653,INDEPENDENT - CHAIR,TIAN CHUA,MALE,59,4603,INDEPENDENT - KEY,TOO GAO LAN,MALE,,112,INDEPENDENT - TREE,NUR FATHIAH SYAZWANA @ CLEO,FEMALE,28,628
P.116,WILAYAH PERSEKUTUAN KUALA LUMPUR,P.116,WANGSA MAJU,PH - PKR,,120323,20696,77.7,93493,255,498,92740,UMNO,SHAFEI ABDULLAH,MALE,64,19595,PKR,ZAHIR HASSAN,MALE,63,46031,PAS,USTAZAH NURIDAH,FEMALE,61,25335,PUTRA,NORZAILA,FEMALE,48,987,,,,,,,,,,,WARISAN,WEE CHOO KEONG,MALE,69,576,,,,,,,,,,,INDEPENDENT - KEY,RAVEE SUNTHERALINGAM,MALE,60,216,,,,,,,,,,,,,,,
P.117,WILAYAH PERSEKUTUAN KUALA LUMPUR,P.117,SEGAMBUT,PH - DAP,,119652,59684,72.1,86274,389,389,85496,MCA,DANIEL LING SIA CHIN,MALE,58,8304,DAP,HANNAH YEOH,FEMALE,43,68438,GERAKAN,PRABAGARAN,MALE,,8754,,,,,,,,,,,,,,,,,,,,,,,,,,,,,,,,,,,,,,,,,,,,,,,,,,
P.118,WILAYAH PERSEKUTUAN KUALA LUMPUR,P.118,SETIAWANGSA,PH - PKR,,95753,12164,79.08,75725,265,696,74764,UMNO,IZUDIN BIN ISHAK,MALE,57,16333,PKR,NIK NAZMI NIK AHMAD,MALE,40,34434,PPBM,NURUL FADZILAH BINTI KAMALUDDIN,FEMALE,33,22270,PEJUANG,BIBI SUNITA,FEMALE,52,953,,,,,,,,,,,,,,,,,,,,,,,,,,INDEPENDENT - HOUSE,STANLEY LIM YEN TIONG,MALE,56,282,INDEPENDENT - TREE,MEJAR MIOR ROSLI TUDM (B),MALE,,492,,,,,,,,,,
P.119,WILAYAH PERSEKUTUAN KUALA LUMPUR,P.119,TITIWANGSA,BN - UMNO,,80747,4632,76.1,61450,235,357,60858,UMNO,DATUK SERI JOHARI GHANI,MALE,58,25042,PAN,KHALID ABD SAMAD,MALE,65,20410,PAS,DR. ROSNI ADAM,FEMALE,52,14518,PEJUANG,DATO' SRI KHAIRUDDIN BIN ABU HASSAN,MALE,,888,,,,,,,,,,,,,,,,,,,,,,,,,,,,,,,,,,,,,,,,,,,,,
P.120,WILAYAH PERSEKUTUAN KUALA LUMPUR,P.120,BUKIT BINTANG,PH - DAP,,79782,38977,66.74,53247,93,218,52936,MCA,TAN TEIK PENG,MALE,42,4850,DAP,FONG KUI LUN,MALE,76,43827,PPBM,EDWIN CHEN,MALE,,4259,,,,,,,,,,,,,,,,,,,,,,,,,,,,,,,,,,,,,,,,,,,,,,,,,,
P.121,WILAYAH PERSEKUTUAN KUALA LUMPUR,P.121,LEMBAH PANTAI,PH - PKR,,101828,13912,76.08,77469,240,515,76714,UMNO,RAMLAN ASKOLANI,MALE,61,21447,PKR,FAHMI FADZIL,MALE,41,35359,PAS,HAJI FAUZI ABU BAKAR,MALE,62,19098,PUTRA,DR. ASMAH,FEMALE,58,810,,,,,,,,,,,,,,,,,,,,,,,,,,,,,,,,,,,,,,,,,,,,,
P.122,WILAYAH PERSEKUTUAN KUALA LUMPUR,P.122,SEPUTEH,PH - DAP,,124805,67187,70.6,88107,251,402,87454,MCA,LEE KAH HING,MALE,54,6032,DAP,TERESA KOK,FEMALE,58,73234,GERAKAN,WONG YEE YENG,MALE,,6047,,,,,,,,,,,,,,,,,,,,,,,,,,,,,,,INDEPENDENT - SPECTACLES,CHOY SAN YEH,FEMALE,55,865,INDEPENDENT - RABBIT,LEE WAI HONG,MALE,42,1276,,,,,,,,,,
P.123,WILAYAH PERSEKUTUAN KUALA LUMPUR,P.123,CHERAS,PH - DAP,,101184,54448,71.36,72207,161,300,71746,MCA,CHONG YEW CHUAN,MALE,39,5606,DAP,TAN KOK WAI,MALE,65,60294,PPBM,RUBY CHIN,FEMALE,,5846,,,,,,,,,,,,,,,,,,,,,,,,,,,,,,,,,,,,,,,,,,,,,,,,,,
P.124,WILAYAH PERSEKUTUAN KUALA LUMPUR,P.124,BANDAR TUN RAZAK,PH - PKR,,119185,9817,78.74,93845,252,572,93021,MCA,DATUK CHEW YIN KEEN,MALE,58,15886,PKR,DATO' SERI DR WAN AZIZAH BINTI WAN ISMAIL,FEMALE,69,43476,PPBM,DATO KAMARUDIN JAFFAR,MALE,71,33659,,,,,,,,,,,,,,,,,,,,,,,,,,,,,,,,,,,,,,,,,,,,,,,,,,
P.125,WILAYAH PERSEKUTUAN PUTRAJAYA,P.125,PUTRAJAYA,PN - PPBM,,42881,2310,86.21,36969,158,168,36643,UMNO,TENGKU ADNAN BIN TENGKU MANSOR,MALE,71,13692,PKR,NORAISHAH MYDIN BINTI HAJI ABDUL AZIZ,FEMALE,47,5988,PPBM,DR. RADZI JIDIN (DRJ),MALE,45,16002,BERJASA,DATO' MOHD ROSLI BIN RAMLI,MALE,,878,,,,,,,,,,,,,,,,,,,,,,,,,,INDEPENDENT - PEN,SAMSUDIN PKPKL,MALE,46,63,INDEPENDENT - TREE,LIM FICE BEE,FEMALE,44,20,,,,,,,,,,
P.126,NEGERI SEMBILAN,P.126,JELEBU,BN - UMNO,,59561,8125,77.25,46008,101,573,45334,UMNO,JALALUDDIN BIN ALIAS,MALE,59,21805,PAN,DATO' ZULKEFLY OMAR,MALE,58,13680,PPBM,ZAHARUDDIN BABA SAMION,MALE,56,9596,PUTRA,AHMAD FAKHRI,MALE,41,253,,,,,,,,,,,,,,,,,,,,,,,,,,,,,,,,,,,,,,,,,,,,,
P.127,NEGERI SEMBILAN,P.127,JEMPOL,BN - UMNO,,95813,5857,75.99,72808,179,834,71795,UMNO,DATO' HAJI SHAMSHULKAHAR BIN HAJI MOHD DELI,MALE,61,30138,PAN,NORWANI AHMAT,FEMALE,,24281,PPBM,AFFENDY SALLEH,MALE,34,16722,PUTRA,TAN SRI KHALID YUNUS,MALE,79,654,,,,,,,,,,,,,,,,,,,,,,,,,,,,,,,,,,,,,,,,,,,,,
P.128,NEGERI SEMBILAN,P.128,SEREMBAN,PH - DAP,,157244,30844,79.32,124729,331,1109,123289,MCA,FELICIA WONG,FEMALE,43,24584,DAP,LOKE SIEW FOOK,MALE,46,63920,PAS,HAJI FADLI CHE ME,MALE,50,33076,PEJUANG,SJN (B) MOHAMAD JANI,MALE,,1336,,,,,,,,,,,,,,,,,,,,,,,,,,INDEPENDENT - PEN,IZZAT LESLY,MALE,33,373,,,,,,,,,,,,,,,
P.129,NEGERI SEMBILAN,P.129,KUALA PILAH,BN - UMNO,,63247,6483,77.92,49280,129,489,48662,UMNO,DATO' HJ ADNAN HJ ABU HASSAN,MALE,52,21423,PKR,NOR AZMAN MOHAMAD,MALE,44,14940,PPBM,EDDIN SYAZLEE,MALE,48,11560,PUTRA,KAMARULZAMAN KAMDIAS,MALE,,406,,,,,,,,,,,WARISAN,AZMAN BIN IDRIS,MALE,,333,,,,,,,,,,,,,,,,,,,,,,,,,,,,,,
P.130,NEGERI SEMBILAN,P.130,RASAH,PH - DAP,,155896,61987,77.57,120928,334,903,119691,MCA,NG KIAN NAM,MALE,43,19447,DAP,CHA KEE CHIN,MALE,48,81434,GERAKAN,DAVID CHOONG,MALE,,18810,,,,,,,,,,,,,,,,,,,,,,,,,,,,,,,,,,,,,,,,,,,,,,,,,,
P.131,NEGERI SEMBILAN,P.131,REMBAU,BN - UMNO,,133555,19897,82.8,110586,324,826,109436,UMNO,TOK MAT,MALE,66,53075,PKR,JUFITRI JOHA,MALE,43,33178,PPBM,HJ. NAZREE YUNUS,MALE,38,21875,PEJUANG,RAMLY BIN AWALLUDIN,MALE,,529,,,,,,,,,,,,,,,,PSM,CIKGU TINA,MALE,45,779,,,,,,,,,,,,,,,,,,,,,,,,,
P.132,NEGERI SEMBILAN,P.132,PORT DICKSON,PH - PKR,,104450,23937,77.97,81436,155,1096,80185,MIC,DATUK P.KAMALANATHAN,MALE,57,18412,PKR,DATO' SERI AMINUDDIN BIN HARUN,MALE,55,42349,PAS,CIKGU HAJI RAFIEI MUSTAPHA,MALE,69,18235,GB,DR. AHMAD IDHAM BIN AHMAD NADZRI,MALE,48,748,,,,,,,,,,,,,,,,,,,,,,,,,,INDEPENDENT - PEN,RANI KULUP,MALE,67,441,,,,,,,,,,,,,,,
P.133,NEGERI SEMBILAN,P.133,TAMPIN,BN - UMNO,,81099,1276,76.4,61960,146,781,61033,UMNO,MOHD ISAM BIN MOHD ISA,MALE,53,23283,PAN,FAIZ FADZIL,MALE,45,22007,PAS,MEJAR (B) ABDUL HALIM,MALE,56,14962,BERJASA,USTAZ ZAMANI IBRAHIM,MALE,,781,,,,,,,,,,,,,,,,,,,,,,,,,,,,,,,,,,,,,,,,,,,,,
P.134,MELAKA,P.134,MASJID TANAH,PN - PPBM,,69174,4411,79.9,55270,115,406,54749,UMNO,ABDUL HAKIM BIN ABDUL WAHID,MALE,36,21193,,,,,,PPBM,MAS ERMIEYATI,FEMALE,46,25604,PEJUANG,HANDRAWIRAWAN BIN ABU BAKAR,MALE,,507,,,,,,,,,,,,,,,,MUDA,MUTALIB UTHMAN,MALE,,7445,,,,,,,,,,,,,,,,,,,,,,,,,
P.135,MELAKA,P.135,ALOR GAJAH,PH - PAN,,93311,890,79.2,73900,174,726,73000,UMNO,SHAHRIL HAMDAN,MALE,37,27288,PAN,ADLY ZAHARI,MALE,51,28178,PPBM,PAK WAN (DATUK SERI MOHD REDZUAN BIN MD YUSOF),MALE,65,17211,BERJASA,MUHAMMAD NAZRIQ ABDUL RAHMAN,MALE,,323,,,,,,,,,,,,,,,,,,,,,,,,,,,,,,,,,,,,,,,,,,,,,
P.136,MELAKA,P.136,TANGGA BATU,PN - PAS,,115998,8849,80.19,93016,270,719,92027,MCA,DATUK LIM BAN HONG,MALE,45,25095,PKR,PROF. MADYA RUSNAH ALUAI,FEMALE,60,28557,PAS,BAKRI JAMALUDDIN,MALE,58,37406,PUTRA,GHAZALI BIN ABU,MALE,,702,,,,,,,,,,,,,,,,,,,,,,,,,,INDEPENDENT - PEN,SHAHRIL MAHMOOD,MALE,40,267,,,,,,,,,,,,,,,
P.137,MELAKA,P.137,HANG TUAH JAYA,PH - PKR,,118493,8638,80.67,95592,369,737,94486,UMNO,MOHD RIDHWAN BIN MOHD ALI,MALE,,30780,PKR,ADAM ADLI,MALE,33,39418,PPBM,MOHD AZRUDIN BIN MD IDRIS,MALE,41,23549,PEJUANG,SHEIKH IKHZAN,MALE,40,739,,,,,,,,,,,,,,,,,,,,,,,,,,,,,,,,,,,,,,,,,,,,,
P.138,MELAKA,P.138,KOTA MELAKA,PH - DAP,,164140,46420,76.04,124816,297,1338,123181,MCA,KON QI YAO,MALE,41,20686,DAP,KHOO POAY TIONG,MALE,52,73995,GERAKAN,SUHAIME BORHAN,MALE,42,27575,,,,,,,,,,,,,,,,,,,,,,,,,,,,,,,INDEPENDENT - PEN,DATO' DR. NORAZLAN,MALE,42,925,,,,,,,,,,,,,,,
P.139,MELAKA,P.139,JASIN,PN - PAS,,96208,322,81.42,78329,178,553,77598,UMNO,ROSLAN BIN AHMAD,MALE,55,27571,PAN,DATUK HARUN,MALE,,21674,PAS,TUAN GURU ZULKIFLI ISMAIL,MALE,56,27893,PEJUANG,MOHD DAUD NASIR,MALE,,460,,,,,,,,,,,,,,,,,,,,,,,,,,,,,,,,,,,,,,,,,,,,,
P.140,JOHOR,P.140,SEGAMAT,PH - PKR,,69360,5669,74.1,51395,157,586,50652,MIC,TAN SRI M RAMASAMY,MALE,58,17768,PKR,R YUNESWARAN,MALE,35,23437,PPBM,POOBALAN PONNUSAMY,MALE,,8385,PUTRA,SYED HAIROUL,MALE,,1062,,,,,,,,,,,,,,,,,,,,,,,,,,,,,,,,,,,,,,,,,,,,,
P.141,JOHOR,P.141,SEKIJANG,PH - PKR,,63981,1734,76.36,48854,142,475,48237,UMNO,MD SALLEHEEN BIN MOHAMAD,MALE,,17207,PKR,DR ZALIHA MUSTAFA,FEMALE,58,18941,PPBM,UZZAIR BIN ISMAIL,MALE,39,11612,PUTRA,SAIFUL FAIZAL,MALE,,138,,,,,,,,,,,WARISAN,MOHD ZOHAR BIN AHMAD,MALE,50,339,,,,,,,,,,,,,,,,,,,,,,,,,,,,,,
P.142,JOHOR,P.142,LABIS,PH - DAP,,49846,2833,70.76,35271,92,434,34745,MCA,CHUA TEE YONG,MALE,45,13300,DAP,PANG HOK LIONG,MALE,65,16133,PPBM,ALVIN CHANG,MALE,,5312,,,,,,,,,,,,,,,,,,,,,,,,,,,,,,,,,,,,,,,,,,,,,,,,,,
P.143,JOHOR,P.143,PAGOH,PN - PPBM,,69939,10007,78.54,54933,123,419,54391,UMNO,DATUK SERI RAZALI IBRAHIM,MALE,52,14426,PKR,ISKANDAR SHAH,MALE,41,14979,PPBM,TAN SRI MUHYIDDIN BIN MD YASIN,MALE,75,24986,,,,,,,,,,,,,,,,,,,,,,,,,,,,,,,,,,,,,,,,,,,,,,,,,,
P.144,JOHOR,P.144,LEDANG,PH - PKR,,104577,9769,77.77,81326,181,838,80307,UMNO,HAMIM SAMURI,MALE,64,23881,PKR,SYED IBRAHIM SYED NOH,MALE,58,33650,PPBM,ZAIDI HJ MAJID,MALE,,22292,PEJUANG,RAFIDAH RIDWAN,FEMALE,,269,,,,,,,,,,,,,,,,,,,,,,,,,,INDEPENDENT - TREE,ZAINAL BAHROM,MALE,65,75,INDEPENDENT - PEN,CIKGU YUNUS,MALE,,140,,,,,,,,,,
P.145,JOHOR,P.145,BAKRI,PH - DAP,,97335,19254,76.15,74121,239,742,73140,MCA,CHRIS LEE CHING YONG,MALE,46,17382,DAP,TAN HONG PIN,MALE,,36636,PPBM,R. S. CHELVA,MALE,,17222,,,,,,,,,,,,,,,,,,,,,,,,,,,,,,,INDEPENDENT - KEY,HARON JAFFAR,MALE,,1900,,,,,,,,,,,,,,,
P.146,JOHOR,P.146,MUAR,MUDA,,68925,1345,77.9,53695,163,374,53158,UMNO,MOHD HELMY ABD.LATIF,MALE,41,14581,,,,,,PAS,USTAZ ABDULLAH HUSIN,MALE,61,18616,,,,,,,,,,,,,,,,,,,,,MUDA,SYED SADDIQ,MALE,29,19961,,,,,,,,,,,,,,,,,,,,,,,,,
P.147,JOHOR,P.147,PARIT SULONG,BN - UMNO,,79484,2021,80.14,63697,244,499,62954,UMNO,NORAINI AHMAD,FEMALE,55,25740,PAN,MOHD FAIZAL DOLLAH,MALE,36,13495,PAS,DR KARIM,MALE,64,23719,,,,,,,,,,,,,,,,,,,,,,,,,,,,,,,,,,,,,,,,,,,,,,,,,,
P.148,JOHOR,P.148,AYER HITAM,BN - MCA,,61041,2963,77.28,47172,119,361,46692,MCA,WEE KA SIONG,MALE,54,18911,DAP,SHEIKH OMAR,MALE,37,15948,PPBM,SYAFIQ AZIZ,MALE,,11833,,,,,,,,,,,,,,,,,,,,,,,,,,,,,,,,,,,,,,,,,,,,,,,,,,
P.149,JOHOR,P.149,SRI GADING,PH - PAN,,78602,4000,79,62098,198,636,61264,UMNO,DATUK LASSIM BURHAN,MALE,,19242,PAN,CIKGU HUDA,MALE,63,23242,PAS,ZANARIYAH,FEMALE,52,18475,PEJUANG,MAHDZIR BIN IBRAHIM,MALE,,305,,,,,,,,,,,,,,,,,,,,,,,,,,,,,,,,,,,,,,,,,,,,,
P.150,JOHOR,P.150,BATU PAHAT,PH - PKR,,133910,15972,75.18,100679,339,846,99494,UMNO,ISHAK SIRAJ,MALE,61,24309,PKR,ONN BIN ABU BAKAR,MALE,59,45242,PPBM,DATO' RASHID HASNON,MALE,62,29270,PEJUANG,NIZAM BASHIR,MALE,49,410,,,,,,,,,,,,,,,,PRM,ZAHARI BIN OSMAN,MALE,,263,,,,,,,,,,,,,,,,,,,,,,,,,
P.151,JOHOR,P.151,SIMPANG RENGGAM,BN - UMNO,,59033,1821,75.89,44801,132,538,44131,UMNO,HASNI BIN MOHAMMAD,MALE,63,18312,PKR,DR MASZLEE MALIK,MALE,47,16491,PPBM,FAZRUL KAMAT,MALE,36,9077,PUTRA,KAMAL,MALE,40,251,,,,,,,,,,,,,,,,,,,,,,,,,,,,,,,,,,,,,,,,,,,,,
P.152,JOHOR,P.152,KLUANG,PH - DAP,,132342,26406,73.42,97162,337,1204,95621,MCA,GAN PING SIEU,MALE,56,23395,DAP,WONG SHU QI,FEMALE,38,49801,PPBM,DZULKARNAIN BIN ALIAS,MALE,,22021,,,,,,,,,,,,,,,,,,,,,,,,,,,,,,,INDEPENDENT - CAR,IR. U. RAMENDRAN,MALE,52,404,,,,,,,,,,,,,,,
P.153,JOHOR,P.153,SEMBRONG,BN - UMNO,,54982,10880,75.39,41449,129,390,40930,UMNO,HISHAMMUDDIN HUSSEIN,MALE,61,22572,PKR,HASNI ABAS,MALE,60,11692,PPBM,JOE AZIZ,MALE,38,6666,,,,,,,,,,,,,,,,,,,,,,,,,,,,,,,,,,,,,,,,,,,,,,,,,,
P.154,JOHOR,P.154,MERSING,PN - PPBM,,66275,2337,71.62,47469,175,388,46906,UMNO,ABD LATIF BANDI,MALE,56,18729,DAP,ZULAIKHA ZAIDI,FEMALE,29,6813,PPBM,ISLAHUDDIN ABAS,MALE,,21066,PEJUANG,NURFATIMAH IBRAHIM,FEMALE,33,209,,,,,,,,,,,,,,,,,,,,,,,,,,INDEPENDENT - CAR,ISMAIL BIN DON,MALE,54,89,,,,,,,,,,,,,,,
P.155,JOHOR,P.155,TENGGARA,BN - UMNO,,67294,2991,77.27,51997,201,446,51350,UMNO,MANNDZRI BIN NASIB,MALE,42,21185,PKR,ZURAIDAH CHEDAH,FEMALE,53,11618,PAS,KOLONEL NAZARI,MALE,61,18194,PUTRA,AZHAR PALAL,MALE,57,353,,,,,,,,,,,,,,,,,,,,,,,,,,,,,,,,,,,,,,,,,,,,,
P.156,JOHOR,P.156,KOTA TINGGI,BN - UMNO,,61291,8390,77.91,47753,102,318,47333,UMNO,KHALED NORDIN,MALE,63,25410,PAN,ONN JAAFAR,MALE,,4903,PPBM,RIDHWAN RASMAN,MALE,,17020,,,,,,,,,,,,,,,,,,,,,,,,,,,,,,,,,,,,,,,,,,,,,,,,,,
P.157,JOHOR,P.157,PENGERANG,BN - UMNO,,55316,5010,76.45,42288,129,319,41840,UMNO,AZALINA OTHMAN SAID,FEMALE,58,21738,PAN,CHE ZAKARIA BIN MOHD SALLEH,MALE,61,3374,PPBM,CIKGU IMAM NIZAR,MALE,43,16728,,,,,,,,,,,,,,,,,,,,,,,,,,,,,,,,,,,,,,,,,,,,,,,,,,
P.158,JOHOR,P.158,TEBRAU,PH - PKR,,223301,30720,75.87,169414,435,1014,167965,MCA,NICOLE WONG,FEMALE,42,30767,PKR,JIMMY PUAH WEE TEE SZE,MALE,46,83959,PPBM,MOHAMAD ISA BIN MOHAMAD BASIR,MALE,44,53239,,,,,,,,,,,,,,,,,,,,,,,,,,,,,,,,,,,,,,,,,,,,,,,,,,
P.159,JOHOR,P.159,PASIR GUDANG,PH - PKR,,198485,31558,76.01,150876,298,1298,149280,UMNO,NOOR AZLEEN AMBROS,MALE,37,37369,PKR,HASSAN ABDUL KARIM,MALE,71,71233,PPBM,MOHAMAD FARID BIN ABDUL RAZAK,MALE,,39675,IMAN,MOHAMMAD RAFFI BERAN,MALE,,1003,,,,,,,,,,,,,,,,,,,,,,,,,,,,,,,,,,,,,,,,,,,,,
P.160,JOHOR,P.160,JOHOR BAHRU,PH - PKR,,136368,16041,70.05,95521,291,837,94393,UMNO,JOHAN ROPI,MALE,42,27211,PKR,AKMAL NASIR,MALE,36,43252,PPBM,MOHTAJ,MALE,,22075,PEJUANG,HAIRY MAHMOOD,MALE,,1855,,,,,,,,,,,,,,,,,,,,,,,,,,,,,,,,,,,,,,,,,,,,,
P.161,JOHOR,P.161,PULAI,PH - PAN,,165313,33174,71.63,118414,348,763,117303,UMNO,NUR JAZLAN,MALE,56,31726,PAN,DATUK SERI SALAHUDDIN AYUB,MALE,60,64900,GERAKAN,LOH KAH YONG,MALE,,20677,,,,,,,,,,,,,,,,,,,,,,,,,,,,,,,,,,,,,,,,,,,,,,,,,,
P.162,JOHOR,P.162,ISKANDAR PUTERI,PH - DAP,,222437,60036,74.42,165527,532,1315,163680,MCA,DATUK JASON TEOH,MALE,53,36783,DAP,LIEW CHIN TONG,MALE,45,96819,PPBM,JASHEN TAN,MALE,,30078,,,,,,,,,,,,,,,,,,,,,,,,,,,,,,,,,,,,,,,,,,,,,,,,,,
P.163,JOHOR,P.163,KULAI,PH - DAP,,151247,36023,76.92,116339,229,857,115253,MCA,CHUA JIAN BOON,MALE,29,29506,DAP,TEO NIE CHING,FEMALE,41,65529,GERAKAN,DATO' TAN,MALE,,20218,,,,,,,,,,,,,,,,,,,,,,,,,,,,,,,,,,,,,,,,,,,,,,,,,,
P.164,JOHOR,P.164,PONTIAN,BN - UMNO,,75212,5758,76.65,57647,176,620,56851,UMNO,DATUK SERI AHMAD MASLAN,MALE,66,23201,DAP,SHAZWAN ZDAINAL,MALE,,15901,PPBM,CIKGU ISA BIN AB HAMID,MALE,,17443,GB,JAMALUDDIN MOHAMAD,MALE,,306,,,,,,,,,,,,,,,,,,,,,,,,,,,,,,,,,,,,,,,,,,,,,
P.165,JOHOR,P.165,TANJUNG PIAI,BN - MCA,,70679,6360,77.97,55106,123,395,54588,MCA,WEE JECK SENG,MALE,58,23593,,,,,,PPBM,NAJWAH HALIMAH,FEMALE,,13762,,,,,,,,,,,,,,,,,,,,,MUDA,LIM WEI JIET,MALE,32,17233,,,,,,,,,,,,,,,,,,,,,,,,,
P.166,WILAYAH PERSEKUTUAN LABUAN,P.166,LABUAN,PN - PPBM,,44484,708,64.66,28762,67,246,28449,UMNO,BASHIR BIN ALIAS,MALE,57,7416,PAN,DATUK WIRA DR RAMLI,MALE,,5307,PPBM,DATO' DR. SUHAILI ABDUL RAHMAN,MALE,61,8124,PUTRA,RAMLE,MALE,,90,,,,,,,,,,,WARISAN,DATUK ROZMAN ISLI,MALE,57,7310,PBM,DAYANG RUSIMAH @ RAYNIE BINTI DATUK HJ. MOHD. DIN,FEMALE,42,202,,,,,,,,,,,,,,,,,,,,,,,,,
P.167,SABAH,P.167,KUDAT,INDEPENDENT,,75724,1967,60.82,46056,234,714,45108,,,,,,PKR,THONNY CHEE,MALE,42,4726,,,,,,PEJUANG,PETRONELLA USUN,FEMALE,34,282,,,,,,PPBM,RUDDY BIN AWAH,MALE,53,14356,WARISAN,RASHID BIN ABDUL HARUN,MALE,,9421,,,,,,,,,,,INDEPENDENT - KEY,VERDON BIN BAHANDA,MALE,,16323,,,,,,,,,,,,,,,
P.168,SABAH,P.168,KOTA MARUDU,KDM,,80735,8174,62.96,50828,127,755,49946,,,,,,,,,,,,,,,,PEJUANG,MOHD AZMI BIN HJ ZULKIFLEE,MALE,,279,,,,,,PBS,DR.MAXIMUS@JOHNITY ONGKILI,MALE,69,16144,WARISAN,JILID @ ZAINUDDIN BIN KUMINDING,MALE,60,5320,MUDA,SHAHRIZAL DENCI,MALE,40,3225,KDM,DATUK WETROM BAHANDA,MALE,51,24318,INDEPENDENT - KEY,NORMAN BIN TULANG (TAS),MALE,,660,,,,,,,,,,,,,,,
P.169,SABAH,P.169,KOTA BELUD,WARISAN,,79885,4582,69.19,55272,486,749,54037,UMNO,DATUK SERI PANGLIMA ABD RAHMAN BIN DAHLAN.,MALE,57,20566,PKR,MADELI @ MODILY BIN BANGALI,MALE,,8323,,,,,,,,,,,,,,,,,,,,,WARISAN,MUNIRAH MAJILIS,FEMALE,40,25148,,,,,,,,,,,,,,,,,,,,,,,,,,,,,,
P. 170,SABAH,P. 170,TUARAN,PH - UPKO,,83419,233,70.87,59122,149,746,58227,,,,,,UPKO,MADIUS TANGAU,MALE,64,24943,,,,,,PEJUANG,MUMININ B. NORBINSHA,MALE,,445,,,,,,PBS,JONISTON BANGKUAI,MALE,60,24710,WARISAN,JO-ANNA SUE HENLEY RAMPAS,FEMALE,33,5728,,,,,,,,,,,INDEPENDENT - KEY,BOBY BIN LEWAT,MALE,,393,INDEPENDENT - PEN,NOORTAIP BIN SUHAILI @ SUALEE,MALE,,2008,,,,,,,,,,
P. 171,SABAH,P. 171,SEPANGGAR,PH - PKR,,108370,7042,66.13,71663,384,975,70304,UMNO,YAKUB KHAN,MALE,60,19980,PKR,MUSTAPHA SAKMUD,MALE,53,27022,,,,,,PEJUANG,YUSOF BIN KUNCHANG,MALE,,731,,,,,,,,,,,WARISAN,MOHD AZIS JAMMAN,MALE,48,18594,KDM,JUMARDIE LUKMAN,MALE,40,3977,,,,,,,,,,,,,,,,,,,,,,,,,
P. 172,SABAH,P. 172,KOTA KINABALU,PH - DAP,,74059,23783,60.31,44663,186,357,44120,,,,,,DAP,CHAN FOONG HIN,MALE,44,31359,,,,,,,,,,,,,,,,PBS,YEE TSAI YIEW,FEMALE,32,4592,WARISAN,YEO YAN YIN @ AMANDA,FEMALE,29,7576,KDM,WINSTON LIAW KIT SIONG,MALE,,456,,,,,,,,,,,INDEPENDENT - TELEPHONE,MARCEL JUDE,MALE,,137,,,,,,,,,,
P. 173,SABAH,P. 173,PUTATAN,BN - UMNO,,63173,124,66.83,42221,183,789,41249,UMNO,SHAHELMEY BIN YAHYA,MALE,49,16234,PKR,AWANG HUSAINI BIN SAHARI,MALE,55,16110,,,,,,IMAN,POYNE B. TUDUS @ PATRICK PAYNE,MALE,,394,,,,,,,,,,,WARISAN,AHMAD BIN MOHD SAID,MALE,,8511,,,,,,,,,,,,,,,,,,,,,,,,,,,,,,
P. 174,SABAH,P. 174,PENAMPANG,PH - UPKO,,77214,14410,66.44,51301,126,445,50730,,,,,,UPKO,EWON BENEDICK,MALE,39,29066,,,,,,,,,,,,,,,,STAR,KENNY CHUA TECK HO,MALE,,6719,WARISAN,DATUK DARELL LEIKING,MALE,51,14656,,,,,,,,,,,INDEPENDENT - TREE,RICHARD JIMMY,MALE,54,289,,,,,,,,,,,,,,,
P. 175,SABAH,P. 175,PAPAR,GRS - PPBM,,59942,12822,73.9,44295,123,663,43509,,,,,,DAP,HENRY SHIM,MALE,39,9144,,,,,,PEJUANG,NICHOLAS SYLVESTER @ BERRY,MALE,56,783,,,,,,PPBM,DATUK ARMIZAN BIN MOHD ALI,MALE,46,22948,WARISAN,HJ. AHMAD HASSAN,MALE,,10126,,,,,,,,,,,INDEPENDENT - KEY,NORBERT CHIN,MALE,,231,INDEPENDENT - PEN,JOHNNY SITAMIN,MALE,,277,,,,,,,,,,
P. 176,SABAH,P. 176,KIMANIS,BN - UMNO,,40763,3037,77.25,31491,79,344,31068,UMNO,MOHAMAD BIN ALAMIN,MALE,50,13004,UPKO,ROWINDY LAWRENCE ODONG,FEMALE,40,3931,,,,,,PEJUANG,YUSOP BIN OSMAN,MALE,,153,,,,,,,,,,,WARISAN,DAUD BIN YUSOF,MALE,61,9967,KDM,AMAT BIN MD YUSOF,MALE,,4013,,,,,,,,,,,,,,,,,,,,,,,,,
P. 177,SABAH,P. 177,BEAUFORT,BN - UMNO,,43248,2518,69.19,29924,74,552,29298,UMNO,DATUK SITI AMINAH BINTI ACHING,FEMALE,,10570,PKR,DIKIN BIN MUSAH,MALE,67,7835,,,,,,,,,,,,,,,,,,,,,WARISAN,MASRI BIN ADUL,MALE,,2152,KDM,DATUK HJH.JOHAIR MAT LANI,FEMALE,57,8052,,,,,,,,,,,INDEPENDENT - TREE,MATLANI BIN SABLI,MALE,,143,INDEPENDENT - KEY,JOHAN @ CHRISTOPHER BIN O T GHANI,,,546,,,,,
P. 178,SABAH,P. 178,SIPITANG,GRS - PPBM,,45871,4691,65,29816,108,647,29061,,,,,,PAN,LAHIRUL,MALE,,4834,,,,,,,,,,,,,,,,PPBM,DATUK MATBALI BIN MUSAH,MALE,,14459,WARISAN,ADNAN BIN OKK PUTEH,MALE,,9768,,,,,,,,,,,,,,,,,,,,,,,,,,,,,,
P. 179,SABAH,P. 179,RANAU,GRS - PPBM,,66517,11092,64.36,42811,130,383,42298,,,,,,PKR,TAUFIK DAHLAN,MALE,,11514,,,,,,PEJUANG,AZIZUL JULIRIN,MALE,34,1267,,,,,,PPBM,JONATHAN YASIN,MALE,,22606,WARISAN,MARKOS SITON,MALE,67,2657,PBRS,EWON BIN EBIN,MALE,68,4254,,,,,,,,,,,,,,,,,,,,,,,,,
P. 180,SABAH,P. 180,KENINGAU,GRS - STAR,,87588,8056,63.41,55542,246,424,54872,,,,,,DAP,GRELYDIA GILLOD,FEMALE,32,15099,,,,,,,,,,,,,,,,STAR,DATUK SERI PANGLIMA DR.JEFFREY G.KITINGAN,MALE,74,23155,WARISAN,RASININ KOUTIS @ KAUTIS,MALE,,7020,KDM,DATUK JAKE NOINTIN,MALE,,9598,,,,,,,,,,,,,,,,,,,,,,,,,
P. 181,SABAH,P. 181,TENOM,INDEPENDENT,,42045,1108,69.16,29078,44,385,28649,UMNO,JAMAWI BIN JA'AFAR,MALE,48,8625,DAP,NOORITA SUAL,FEMALE,42,8919,,,,,,,,,,,,,,,,,,,,,WARISAN,UKIM BUANDI,MALE,,992,,,,,,,,,,,INDEPENDENT - ELEPHANT,RIDUAN BIN RUBIN,MALE,35,10027,INDEPENDENT - TRACTOR,PEGGY CHAW ZHI TING,FEMALE,23,86,,,,,,,,,,
P. 182,SABAH,P. 182,PENSIANGAN,BN - PBRS,,55672,5412,67.51,37584,91,383,37110,PBRS,DATUK ARTHUR JOSEPH KURUP,MALE,40,19623,PKR,SANGKAR BIN RASAM,MALE,60,14211,,,,,,PEJUANG,JAMANI BIN DERIMIN,MALE,,124,,,,,,,,,,,WARISAN,SITI NOORHASMAWATTY OSMAN,FEMALE,,1512,KDM,JEKERISON KILAN,MALE,52,1640,,,,,,,,,,,,,,,,,,,,,,,,,
P. 183,SABAH,P. 183,BELURAN,PN - PPBM,,44727,1594,66.96,29951,83,534,29334,UMNO,BENEDICT ASMAT,MALE,54,9709,UPKO,FELIX JOSEPH SAANG,MALE,,4460,PPBM,RONALD KIANDEE,MALE,61,11303,PEJUANG,HAUSING BIN SAMSUDIN @ SUDIN,MALE,,155,,,,,,,,,,,WARISAN,ROWIENA RASID,FEMALE,34,3707,,,,,,,,,,,,,,,,,,,,,,,,,,,,,,
P. 184,SABAH,P. 184,LIBARAN,BN - UMNO,,72332,12618,63.09,45632,194,907,44531,UMNO,SUHAIMI BIN NASIR,MALE,54,22969,UPKO,DR PETER JR NAINTIN,MALE,,10351,,,,,,PUTRA,JEFFRI @ AMAT PUDANG,MALE,,826,,,,,,,,,,,WARISAN,SHARIF BOKRATA,MALE,,9185,PPRS,NORDIN BIN KHANI,MALE,,541,,,,,,,,,,,INDEPENDENT - TREE,HJ. AMDAN BIN TUMPONG,MALE,,659,,,,,,,,,,
P. 185,SABAH,P. 185,BATU SAPI,GRS - PPBM,,43916,4821,62.87,27608,92,479,27037,,,,,,DAP,LIAU FUI FUI,FEMALE,39,7331,,,,,,PUTRA,BONI YUSUF JUANICO ABDULLAH,MALE,,176,,,,,,PPBM,KHAIRUL FIRDAUS AKBAR KHAN,MALE,,12152,WARISAN,ALIAS BIN SANI,MALE,,7218,,,,,,,,,,,INDEPENDENT - BOOK,IR. HJ. OTHMAN HJ. AHMAD,MALE,,160,,,,,,,,,,,,,,,
P. 186,SABAH,P. 186,SANDAKAN,PH - DAP,,55542,11031,56.77,31533,134,480,30919,,,,,,DAP,VIVIAN WONG SHIR YEE,FEMALE,33,16673,,,,,,,,,,,,,,,,SAPP,LAU CHI KEONG @ THOMAS LAU,MALE,73,5054,WARISAN,ALEX THIEN,MALE,31,5642,,,,,,,,,,,INDEPENDENT - TREE,PETER HII,MALE,,2342,INDEPENDENT - DONKEY,SYEIKH LOKEMAN,MALE,,962,INDEPENDENT - BOOK,HAJJAH LITA TAN BINTI ABDULLAH,FEMALE,,246,,,,,
P. 187,SABAH,P. 187,KINABATANGAN,BN - UMNO,,44773,4330,66.74,29882,76,452,29354,UMNO,BUNG MOKTAR BIN RADIN,MALE,63,16842,,,,,,,,,,,,,,,,,,,,,,,,,,WARISAN,MAZLIWATI BINTI ABDUL MALEK,FEMALE,49,12512,,,,,,,,,,,,,,,,,,,,,,,,,,,,,,
P. 188,SABAH,P. 188,LAHAD DATU,WARISAN,,100256,4376,59.02,59167,194,828,58145,UMNO,MAIZATUL AKMAM BT HJ ALAWI,FEMALE,51,22740,DAP,SIA YU HOCK,MALE,34,8289,,,,,,,,,,,,,,,,,,,,,WARISAN,DATO' HJ MOHAMMAD YUSOF BIN APDAL,MALE,62,27116,,,,,,,,,,,,,,,,,,,,,,,,,,,,,,
P. 189,SABAH,P. 189,SEMPORNA,WARISAN,,72169,20810,55.39,39978,282,787,38909,,,,,,PKR,ARASTAM BIN PANDOROG,MALE,,1848,,,,,,PEJUANG,AB RAJIK AB HAMID,MALE,,467,,,,,,PPBM,NIXON BIN ABDUL HABI,MALE,,7892,WARISAN,MOHD SHAFIE APDAL,MALE,66,28702,,,,,,,,,,,,,,,,,,,,,,,,,,,,,,
P. 190,SABAH,P. 190,TAWAU,GRS - PBS,,87477,3800,59.01,51616,232,697,50687,,,,,,PKR,CHRISTINA LIEW,FEMALE,70,16065,,,,,,PEJUANG,HERMAN BIN AMDAS,MALE,,1067,,,,,,PBS,LO SU FUI,MALE,,19865,WARISAN,KC CHEN KET CHUIN,MALE,28,11263,,,,,,,,,,,INDEPENDENT - TREE,DATO' CHIN CHEE SYN,MALE,,651,INDEPENDENT - AEROPLANE,MOHD SALLEH BACHO,MALE,,1776,,,,,,,,,,
P. 191,SABAH,P. 191,KALABAKAN,BN - UMNO,,83970,9100,60.49,50791,246,515,50030,UMNO,ANDI MUHAMMAD SURYADY BIN BANDY,MALE,41,23855,PKR,NORAINI ABD GHAPUR,FEMALE,,9398,,,,,,PEJUANG,DR NUR AINI ABD RAHMAN (MD),FEMALE,,1681,,,,,,,,,,,WARISAN,MA'MUN BIN SULAIMAN,MALE,66,14755,,,,,,,,,,,INDEPENDENT - TREE,DATO MUHAMAD,MALE,,341,,,,,,,,,,,,,,,
P. 192,SARAWAK,P. 192,MAS GADING,PH - DAP,,47171,5480,67.61,31892,94,419,31379,,,,,,DAP,MORDI ANAK BIMOL,MALE,37,17274,,,,,,,,,,,PDP,LIDANG DISEN,MALE,47,11794,,,,,,,,,,,PBK,RYAN SIM MIN LEONG,MALE,43,2311,,,,,,,,,,,,,,,,,,,,,,,,,
P. 193,SARAWAK,P. 193,SANTUBONG,GPS - PBB,,79540,38681,66.27,52713,254,650,51809,,,,,,PAN,MOHAMAD ZEN PELI,MALE,,5058,,,,,,,,,,,PBB,NANCY SHUKRI,FEMALE,61,43739,,,,,,,,,,,,,,,,,,,,,INDEPENDENT - KEY,AFFENDI BIN JEMAN,MALE,59,3012,,,,,,,,,,,,,,,
P. 194,SARAWAK,P. 194,PETRA JAYA,GPS - PBB,,109809,41363,63.81,70074,360,551,69163,,,,,,PKR,SOPIAN JULAIHI,MALE,53,13382,,,,,,,,,,,PBB,FADILLAH BIN YUSOF,MALE,60,54745,,,,,,,,,,,SEDAR,OTHMAN BIN ABDILLAH,MALE,66,1036,,,,,,,,,,,,,,,,,,,,,,,,,
P. 195,SARAWAK,P. 195,BANDAR KUCHING,PH - DAP,,109710,28891,58.4,64068,192,301,63575,,,,,,DAP,KELVIN YII LEE WUEN,MALE,36,45353,,,,,,,,,,,SUPP,TAY TZE KOK,MALE,,16462,,,,,,,,,,,PSB,VOON LEE SHAN,MALE,67,1760,,,,,,,,,,,,,,,,,,,,,,,,,
P. 196,SARAWAK,P. 196,STAMPIN,PH - DAP,,121009,7158,61.6,74547,248,546,73753,,,,,,DAP,CHONG CHIENG JEN,MALE,51,39310,,,,,,,,,,,SUPP,LO KHERE CHIANG,MALE,62,32152,,,,,,,,,,,PSB,LUE CHENG HING,MALE,58,2291,,,,,,,,,,,,,,,,,,,,,,,,,
P. 197,SARAWAK,P. 197,KOTA SAMARAHAN,GPS - PBB,,82229,29445,68.39,56238,235,892,55111,,,,,,PAN,ABANG HALIL,MALE,62,12833,,,,,,,,,,,PBB,DATUK HJH RUBIAH BINTI WANG,FEMALE,,42278,,,,,,,,,,,,,,,,,,,,,,,,,,,,,,,,,,,,,,,,
P. 198,SARAWAK,P. 198,PUNCAK BORNEO,GPS - PBB,,79969,13338,65.09,52049,255,640,51154,,,,,,PKR,DIOG ANAK DIOS,MALE,55,16119,,,,,,,,,,,PBB,WILLIE ANAK MONGIN,MALE,,29457,,,,,,,,,,,PSB,IANA ANAK AKAM,FEMALE,47,5578,,,,,,,,,,,,,,,,,,,,,,,,,
P. 199,SARAWAK,P. 199,SERIAN,GPS - SUPP,,65273,16697,62.23,40620,135,511,39974,,,,,,DAP,LEARRY ANAK JABUL,MALE,42,5289,,,,,,,,,,,SUPP,DATO' SRI RICHARD RIOT ANAK JAEM,MALE,71,22876,,,,,,,,,,,PSB,ELSIY A/K TINGANG,FEMALE,61,5630,,,,,,,,,,,INDEPENDENT - KEY,DR ALIM IMPIRA,MALE,,6179,,,,,,,,,,
P. 200,SARAWAK,P. 200,BATANG SADONG,GPS - PBB,,32640,14893,70.23,22924,102,379,22443,,,,,,PAN,CIKGU LAHAJI,MALE,71,3775,,,,,,,,,,,PBB,RODIYAH BINTI SAPIEE,FEMALE,44,18668,,,,,,,,,,,,,,,,,,,,,,,,,,,,,,,,,,,,,,,,
P. 201,SARAWAK,P. 201,BATANG LUPAR,GPS - PBB,,43072,14463,65.28,28118,101,458,27559,,,,,,PAN,WEL @ MAXWEL ROJIS,MALE,,2768,PAS,HAMDAN SANI,MALE,35,5164,,,,,,PBB,MOHAMAD SHAFIZAN,MALE,37,19627,,,,,,,,,,,,,,,,,,,,,,,,,,,,,,,,,,,,,,,,
P. 202,SARAWAK,P. 202,SRI AMAN,GPS - PRS,,50164,4039,64.69,32449,97,435,31917,,,,,,PKR,NAGA LIBAU @ TAY,MALE,44,2021,,,,,,,,,,,PRS,DORIS SOPHIA ANAK BRODI,FEMALE,62,14131,,,,,,,,,,,PSB,WILSON ANAK ENTABANG,MALE,59,10092,,,,,,,,,,,INDEPENDENT - TREE,MASIR ANAK KUJAT,MALE,68,5673,,,,,,,,,,
P. 203,SARAWAK,P. 203,LUBOK ANTU,GPS - PRS,,28995,100,67.38,19537,43,200,19294,,,,,,PKR,LANGGA LIAS,MALE,61,746,PPBM,JUGAH MUYANG,MALE,58,5360,,,,,,PRS,ROY ANGAU ANAK GINGKOI,MALE,43,6644,,,,,,,,,,,PSB,JOHNICHAL RAYONG NGIPA,MALE,60,6544,,,,,,,,,,,,,,,,,,,,,,,,,
P. 204,SARAWAK,P. 204,BETONG,GPS - PBB,,41743,11302,65.25,27239,98,428,26713,,,,,,PKR,PATRICK KAMIS @ HJ KAMENG,MALE,58,5177,,,,,,,,,,,PBB,DR. RICHARD RAPU,MALE,59,16479,,,,,,,,,,,,,,,,,,,,,INDEPENDENT - SAMPAN,HASBIE BIN SATAR,MALE,49,5057,,,,,,,,,,,,,,,
P. 205,SARAWAK,P. 205,SARATOK,PN - PPBM,,44531,8826,70.27,31293,76,376,30841,,,,,,PKR,IBIL JAYA,MALE,61,1221,PPBM,DATUK ALI BIJU,MALE,54,19223,,,,,,PDP,GIENDAM JONATHAN TAIT,MALE,,10397,,,,,,,,,,,,,,,,,,,,,,,,,,,,,,,,,,,,,,,,
P. 206,SARAWAK,P. 206,TANJONG MANIS,GPS - PBB,,32948,13908,58.87,19395,117,238,19040,,,,,,PAN,USTAZAH ZAINAB,FEMALE,53,2566,,,,,,,,,,,PBB,IR. YUSUF ABD WAHAB,MALE,,16474,,,,,,,,,,,,,,,,,,,,,,,,,,,,,,,,,,,,,,,,
P. 207,SARAWAK,P. 207,IGAN,GPS - PBB,,28290,14662,61.1,17286,66,234,16986,,,,,,PAN,HUD ANDRI,MALE,50,1162,,,,,,,,,,,PBB,AHMAD JOHNIE BIN ZAWAWI,MALE,,15824,,,,,,,,,,,,,,,,,,,,,,,,,,,,,,,,,,,,,,,,
P. 208,SARAWAK,P. 208,SARIKEI,GPS - SUPP,,55018,3697,67.3,37025,126,436,36463,,,,,,DAP,RODERICK WONG SIEW LEAD,MALE,32,16383,,,,,,,,,,,SUPP,HUANG TIONG SII,MALE,53,20080,,,,,,,,,,,,,,,,,,,,,,,,,,,,,,,,,,,,,,,,
P. 209,SARAWAK,P. 209,JULAU,PBM,,34850,1340,65.79,22927,59,331,22537,,,,,,,,,,,,,,,,,,,,,PRS,JOSEPH SALANG,MALE,71,7819,,,,,,,,,,,PBM,LARRY SOON @ LARRY SNG WEI SHIEN,MALE,43,9159,PBDS,SUSAN ANAK GEORGE,FEMALE,37,335,,,,,,INDEPENDENT - AEROPLANE,ELLY LAWAI NGALAI,MALE,55,5224,,,,,,,,,,
P. 210,SARAWAK,P. 210,KANOWIT,GPS - PRS,,30988,236,59.41,18410,61,306,18043,,,,,,PKR,JOSEPH NYAMBONG,MALE,61,7175,,,,,,,,,,,PRS,AARON AGO ANAK DAGANG,MALE,64,7411,,,,,,,,,,,,,,,,,,,,,INDEPENDENT - KEY,DR. ELLI LUHAT,MALE,65,427,INDEPENDENT - BOOK,GEORGE CHEN,MALE,60,741,INDEPENDENT - CHAIR,MICHAEL ANAK LIAS,MALE,63,2289,,,,,
P. 211,SARAWAK,P. 211,LANANG,PH - DAP,,87356,11544,61.78,53972,161,865,52946,,,,,,DAP,ALICE LAU KIONG YIENG,FEMALE,41,30120,,,,,,,,,,,SUPP,WONG CHING YONG,MALE,,18576,,,,,,,,,,,PSB,PRISCILLA LAU,FEMALE,53,3663,,,,,,,,,,,INDEPENDENT - DONKEY,DATO WONG TIING KIONG,MALE,60,587,,,,,,,,,,
P. 212,SARAWAK,P. 212,SIBU,PH - DAP,,105875,7760,63.67,67409,237,1230,65942,,,,,,DAP,OSCAR LING CHAI YEW,MALE,45,31287,,,,,,,,,,,SUPP,CLARENCE TING ING HORH,MALE,,23527,,,,,,,,,,,PSB,WONG SOON KOH,MALE,80,11128,,,,,,,,,,,,,,,,,,,,,,,,,
P. 213,SARAWAK,P. 213,MUKAH,GPS - PBB,,46964,15686,59.98,28167,71,316,27780,,,,,,PKR,ABDUL JALIL,MALE,61,6047,,,,,,,,,,,PBB,HANIFAH HAJAR TAIB,FEMALE,50,21733,,,,,,,,,,,,,,,,,,,,,,,,,,,,,,,,,,,,,,,,
P. 214,SARAWAK,P. 214,SELANGAU,GPS - PRS,,45743,4986,64.01,29280,56,428,28796,,,,,,PKR,UMPANG ANAK SABANG,MALE,57,11092,,,,,,,,,,,PRS,EDWIN ANAK BANTA,MALE,57,16078,,,,,,,,,,,,,,,,,,,,,INDEPENDENT - AEROPLANE,HENRY JOSEPH USAU,MALE,,1626,,,,,,,,,,,,,,,
P. 215,SARAWAK,P. 215,KAPIT,GPS - PBB,,45210,12402,49.87,22545,164,382,21999,,,,,,PKR,PANGKAS AK. UNGGANG,MALE,61,4120,,,,,,,,,,,PBB,ALEXANDER NANTA LINGGI,MALE,64,16522,,,,,,,,,,,PBDS,ROBERT SAWENG,MALE,52,1357,,,,,,,,,,,,,,,,,,,,,,,,,
P. 216,SARAWAK,P. 216,HULU RAJANG,GPS - PRS,,43438,7505,54.81,23807,89,311,23407,,,,,,PKR,ABUN SUI ANYIT,MALE,49,7951,,,,,,,,,,,PRS,UGAK ANAK KUMBONG,MALE,,15456,,,,,,,,,,,,,,,,,,,,,,,,,,,,,,,,,,,,,,,,
P. 217,SARAWAK,P. 217,BINTULU,GPS - PDP,,113599,22168,62.73,71256,104,760,70392,,,,,,DAP,CHIEW CHAN YEW,MALE,35,21287,PPBM,DUKE ANAK JANTENG,MALE,,5650,,,,,,PDP,DATO SRI TIONG KING SING,MALE,61,43455,,,,,,,,,,,,,,,,,,,,,,,,,,,,,,,,,,,,,,,,
P. 218,SARAWAK,P. 218,SIBUTI,GPS - PBB,,58522,11745,58.73,34371,87,368,33916,,,,,,PKR,ZULHAIDAH SUBOH,FEMALE,49,10405,,,,,,,,,,,PBB,LUKANISMAN BIN AWANG SAUNI,MALE,40,22150,,,,,,,,,,,PBDS,BOBBY ANAK WILLIAM,MALE,55,1361,,,,,,,,,,,,,,,,,,,,,,,,,
P. 219,SARAWAK,P. 219,MIRI,PH - PKR,,143229,6159,55.15,78996,228,620,78148,,,,,,PKR,CHIEW CHOON MAN,MALE,31,39549,,,,,,,,,,,SUPP,JEFFERY PHANG,MALE,,33390,,,,,,,,,,,PSB,LAWRENCE LAI,MALE,,5209,,,,,,,,,,,,,,,,,,,,,,,,,
P. 220,SARAWAK,P. 220,BARAM,GPS - PDP,,59535,7339,50.76,30218,103,332,29783,,,,,,PKR,ROLAND ENGAN,MALE,49,11060,,,,,,,,,,,PDP,ANYI NGAU,MALE,64,18399,,,,,,,,,,,,,,,,,,,,,INDEPENDENT - TREE,WILFREDENTIKA,MALE,64,324,,,,,,,,,,,,,,,
P. 221,SARAWAK,P. 221,LIMBANG,GPS - PBB,,41999,9998,47.93,20130,106,228,19796,,,,,,PKR,RACHA BALANG,MALE,56,4899,,,,,,,,,,,PBB,HASBI BIN HABIBOLLAH,MALE,59,14897,,,,,,,,,,,,,,,,,,,,,,,,,,,,,,,,,,,,,,,,
P. 222,SARAWAK,P. 222,LAWAS,GPS - PBB,,33655,5677,54.95,18495,89,198,18208,,,,,,PKR,HJ JAPAR BIN HJ SUYUT,MALE,61,1163,,,,,,,,,,,PBB,HENRY SUM AGONG,MALE,76,11361,,,,,,,,,,,PSB,BARU BIAN,MALE,64,5684,,,,,,,,,,,,,,,,,,,,,,,,,
