UNIQUE CODE,STATE,PARLIAMENTARY CODE,PARLIAMENTARY NAME,TOTAL ELECTORATE,TOTAL VALID VOTES,BN,BN CANDIDATE,BN CANDIDATE GENDER,BN CANDIDATE AGE,BN VOTE,PH,PH CANDIDATE,PH CANDIDATE GENDER,PH CANDIDATE AGE,PH VOTE,PN,PN CANDIDATE,PN CANDIDATE GENDER,PN CANDIDATE AGE,PN VOTE,GTA,GTA CANDIDATE,GTA CANDIDATE GENDER,GTA CANDIDATE AGE,GTA VOTE,GPS,GPS CANDIDATE,GPS CANDIDATE GENDER,GPS CANDIDATE AGE,GPS VOTE,GRS,GRS CANDIDATE,GRS CANDIDATE GENDER,GRS CANDIDATE AGE,GRS VOTE,WARISAN,WARISAN CANDIDATE,WARISAN CANDIDATE GENDER,WARISAN CANDIDATE AGE,WARISAN VOTE,OTHER PARTY (1),OTHER PARTY (1) CANDIDATE,OTHER PARTY (1) CANDIDATE GENDER,OTHER PARTY (1) CANDIDATE AGE,OTHER PARTY (1) VOTE,OTHER PARTY (2),OTHER PARTY (2) CANDIDATE,OTHER PARTY (2) CANDIDATE GENDER,OTHER PARTY (2) CANDIDATE AGE,OTHER PARTY (2) VOTE,INDEPENDENT (1),INDEPENDENT (1) CANDIDATE,INDEPENDENT (1) CANDIDATE GENDER,INDEPENDENT (1) CANDIDATE AGE,INDEPENDENT (1) VOTE,INDEPENDENT (2),INDEPENDENT (2) CANDIDATE,INDEPENDENT (2) CANDIDATE GENDER,INDEPENDENT (2) CANDIDATE AGE,INDEPENDENT (2) VOTE,INDEPENDENT (3),INDEPENDENT (3) CANDIDATE,INDEPENDENT (3) CANDIDATE GENDER,INDEPENDENT (3) CANDIDATE AGE,INDEPENDENT (3) VOTE,INDEPENDENT (4),INDEPENDENT (4) CANDIDATE,INDEPENDENT (4) CANDIDATE GENDER,INDEPENDENT (4) CANDIDATE AGE,INDEPENDENT (4) VOTE
P.001,PERLIS,P.001,PADANG BESAR,60192,45288,,,,,,,,,,,,,,,,,,,,,,,,,,,,,,,WARISAN,KO CHU LIANG,MALE,,244,,,,,,,,,,,INDEPENDENT - BOOK,ZAHIDI BIN ZAINUL ABIDIN,MALE,61,1939,,,,,,,,,,,,,,,
P.002,PERLIS,P.002,KANGAR,74859,56200,,,,,,,,,,,,,,,,PEJUANG,USTAZ NUR SULAIMAN,MALE,34,708,,,,,,,,,,,WARISAN,PROF. DR. ROHIMI SHAPIEE,MALE,,417,,,,,,,,,,,,,,,,,,,,,,,,,,,,,,
P.003,PERLIS,P.003,ARAU,60876,46789,,,,,,,,,,,,,,,,,,,,,,,,,,,,,,,,,,,,,,,,,,,,,,,,,,,,,,,,,,,,,,,,,
P.004,KEDAH,P.004,LANGKAWI,66777,47480,,,,,,PAN,ZABIDI YAHYA,MALE,54,5417,,,,,,PEJUANG,MAHATHIR BIN MOHAMAD,MALE,96,4566,,,,,,,,,,,,,,,,,,,,,,,,,,INDEPENDENT - AEROPLANE,DATO PADUKA ABD KADIR,MALE,,89,,,,,,,,,,,,,,,
P.005,KEDAH,P.005,JERLUN,67601,52207,,,,,,PKR,DR MOHAMED FADZIL MOHD ALI,MALE,48,6149,,,,,,PEJUANG,DATO' SERI UTAMA MUKHRIZ MAHATHIR,MALE,58,3144,,,,,,,,,,,,,,,,,,,,,,,,,,,,,,,,,,,,,,,,,,,,,
P.006,KEDAH,P.006,KUBANG PASU,108217,83402,,,,,,,,,,,,,,,,PEJUANG,AMIRUDDIN HAMZAH (TOK MET),MALE,60,5329,,,,,,,,,,,,,,,,,,,,,,,,,,,,,,,,,,,,,,,,,,,,,
P.007,KEDAH,P.007,PADANG TERAP,59806,48629,,,,,,PAN,MUAZ ABDULLAH,MALE,25,2702,,,,,,PEJUANG,RAZALI BIN LEBAI SALLEH,MALE,65,452,,,,,,,,,,,,,,,,,,,,,,,,,,,,,,,,,,,,,,,,,,,,,
P.008,KEDAH,P.008,POKOK SENA,114838,87944,,,,,,,,,,,,,,,,,,,,,,,,,,,,,,,WARISAN,NORAINI BINTI MD SALLEH,FEMALE,60,622,,,,,,,,,,,,,,,,,,,,,,,,,,,,,,
P.009,KEDAH,P.009,ALOR SETAR,105994,76986,MCA,TAN CHEE HIONG,MALE,43,8930,,,,,,,,,,,PEJUANG,NUHAIRI RAHMAT,MALE,45,2383,,,,,,,,,,,WARISAN,FADZIL BIN HANAFI,MALE,64,366,,,,,,,,,,,INDEPENDENT - TREE,DATO' DR NORDIN YUNUS,MALE,69,115,INDEPENDENT - PEN,SOFAN FEROZA,MALE,,151,,,,,,,,,,
P.010,KEDAH,P.010,KUALA KEDAH,132500,100475,,,,,,,,,,,,,,,,PEJUANG,ULYA HUSAMUDIN,MALE,31,1805,,,,,,,,,,,WARISAN,PAK TUAN AL IDRUS,MALE,48,256,,,,,,,,,,,,,,,,,,,,,,,,,,,,,,
P.011,KEDAH,P.011,PENDANG,94547,75594,,,,,,PKR,DATO ZUL,MALE,52,8058,,,,,,GB,RASHID YOB,MALE,43,809,,,,,,,,,,,,,,,,,,,,,,,,,,,,,,,,,,,,,,,,,,,,,
P.012,KEDAH,P.012,JERAI,105001,82293,,,,,,,,,,,,,,,,GB,DATUK NIZAM MAHSHAR,MALE,,973,,,,,,,,,,,,,,,,,,,,,,,,,,,,,,,,,,,,,,,,,,,,,
P.013,KEDAH,P.013,SIK,63126,51161,,,,,,PAN,DATO' LATIFAH,FEMALE,,3736,,,,,,,,,,,,,,,,,,,,,,,,,,,,,,,,,,,,,,,,,,,,,,,,,,,,,,,
P.014,KEDAH,P.014,MERBOK,132444,102544,,,,,,,,,,,,,,,,IMAN,DATUK MOSIN RAZAK,MALE,,1201,,,,,,,,,,,WARISAN,KHAIRUL ANUAR,MALE,50,525,,,,,,,,,,,,,,,,,,,,,,,,,,,,,,
P.015,KEDAH,P.015,SUNGAI PETANI,168847,130004,,,,,,,,,,,,,,,,PEJUANG,HJ. MARZUKI YAHYA,MALE,52,2342,,,,,,,,,,,,,,,,PRM,TAN JOON LONG @ TAN CHOW KANG,MALE,80,226,,,,,,,,,,,,,,,,,,,,,,,,,
P.016,KEDAH,P.016,BALING,132099,109064,,,,,,PAN,CIKGU JOHARI ABDULLAH,MALE,69,8636,,,,,,PUTRA,LT KOL (B) BASIR,MALE,,579,,,,,,,,,,,,,,,,,,,,,,,,,,,,,,,,,,,,,,,,,,,,,
P.017,KEDAH,P.017,PADANG SERAI,133867,91416,MIC,DATO SIVARAJ CHANDRAN,MALE,46,2983,,,,,,,,,,,PUTRA,HAMZAH ABD RAHMAN,MALE,,424,,,,,,,,,,,WARISAN,MOHD BAKHRI BIN HAJI HASHIM,MALE,,149,,,,,,,,,,,INDEPENDENT - HORSE,ANANDA AK,MALE,38,846,,,,,,,,,,,,,,,
P.018,KEDAH,P.018,KULIM-BANDAR BAHARU,90141,70340,,,,,,,,,,,,,,,,GB,RIZAL,MALE,,591,,,,,,,,,,,,,,,,,,,,,,,,,,,,,,,,,,,,,,,,,,,,,
P.019,KELANTAN,P.019,TUMPAT,149371,104659,,,,,,PAN,HAJI WAN JO,MALE,57,7762,,,,,,PUTRA,ASRI ALI,MALE,,593,,,,,,,,,,,WARISAN,KHAIRUL AZUAN,MALE,,245,,,,,,,,,,,,,,,,,,,,,,,,,,,,,,
P.020,KELANTAN,P.020,PENGKALAN CHEPA,106982,77761,,,,,,PAN,KAK JAH,FEMALE,48,7356,,,,,,PEJUANG,WAN AHMAD NASRI,MALE,,358,,,,,,,,,,,,,,,,,,,,,,,,,,INDEPENDENT - TREE,ABE WAE - REDZUAN,MALE,48,451,,,,,,,,,,,,,,,
P.021,KELANTAN,P.021,KOTA BHARU,115450,78019,,,,,,,,,,,,,,,,PUTRA,PROF. DATO DR CHE MUSA CHE OMAR,MALE,,528,,,,,,,,,,,,,,,,PRM,ANDY TAN @ AWANG,MALE,54,107,,,,,,INDEPENDENT - PEN,IZAT BUKHARY,MALE,51,91,,,,,,,,,,,,,,,
P.022,KELANTAN,P.022,PASIR MAS,94544,65153,,,,,,PKR,DATUK HUSAM,MALE,63,6439,,,,,,PUTRA,NASRUL ALI HASAN,MALE,31,543,,,,,,,,,,,,,,,,,,,,,,,,,,,,,,,,,,,,,,,,,,,,,
P.023,KELANTAN,P.023,RANTAU PANJANG,93248,60527,,,,,,PAN,DR SHAH,MALE,,4256,,,,,,PUTRA,DATO' DR. IBRAHIM ALI,MALE,71,1216,,,,,,,,,,,,,,,,PRM,DATUK ZAIN,MALE,,173,,,,,,,,,,,,,,,,,,,,,,,,,
P.024,KELANTAN,P.024,KUBANG KERIAN,113640,81384,,,,,,,,,,,,,,,,PEJUANG,RIZAL,MALE,,687,,,,,,,,,,,,,,,,,,,,,,,,,,,,,,,,,,,,,,,,,,,,,
P.025,KELANTAN,P.025,BACHOK,123183,89913,,,,,,PKR,NOR AZMIZA MAMAT,FEMALE,38,4385,,,,,,PUTRA,CIKGU ZAM,MALE,,276,,,,,,,,,,,,,,,,,,,,,,,,,,INDEPENDENT - TREE,HAJI ZU,MALE,,423,,,,,,,,,,,,,,,
P.026,KELANTAN,P.026,KETEREH,85281,62862,,,,,,PKR,HAJI RAHIMI,MALE,53,4662,,,,,,PUTRA,HANEEF IBRAHIM (ABE HANEEF),MALE,,223,,,,,,,,,,,,,,,,,,,,,,,,,,,,,,,,,,,,,,,,,,,,,
P.027,KELANTAN,P.027,TANAH MERAH,98782,69686,,,,,,PKR,DATO' D,MALE,62,5357,,,,,,PUTRA,LAWYER NASIR ABDULLAH,MALE,,168,,,,,,,,,,,,,,,,,,,,,,,,,,INDEPENDENT - ELEPHANT,DATUK NIK SAPEIA,MALE,68,101,,,,,,,,,,,,,,,
P.028,KELANTAN,P.028,PASIR PUTEH,113070,81319,,,,,,PAN,USTAZ MUHAMMAD HUSAIN,MALE,,3873,,,,,,PEJUANG,KAPTEN WAN MARZUDI,MALE,,350,,,,,,,,,,,,,,,,,,,,,,,,,,,,,,,,,,,,,,,,,,,,,
P.029,KELANTAN,P.029,MACHANG,88825,65114,,,,,,PKR,DR ROSLI,MALE,47,3934,,,,,,PUTRA,MEJAR (B) MAT,MALE,,128,,,,,,,,,,,,,,,,,,,,,,,,,,,,,,,,,,,,,,,,,,,,,
P.030,KELANTAN,P.030,JELI,59798,42953,,,,,,PAN,MD RADZI,MALE,51,1140,,,,,,PUTRA,PROFESSOR DR IR HJ MAT,MALE,,133,,,,,,,,,,,,,,,,,,,,,,,,,,,,,,,,,,,,,,,,,,,,,
P.031,KELANTAN,P.031,KUALA KRAI,92335,64681,,,,,,PAN,SYAM GHAZ,MALE,,4148,,,,,,PEJUANG,NORASHIKIN,FEMALE,,241,,,,,,,,,,,,,,,,,,,,,,,,,,,,,,,,,,,,,,,,,,,,,
P.032,KELANTAN,P.032,GUA MUSANG,70254,48377,,,,,,PKR,ABE YO,MALE,48,4517,,,,,,PEJUANG,DATO' DR. ADABI,MALE,,371,,,,,,,,,,,,,,,,,,,,,,,,,,,,,,,,,,,,,,,,,,,,,
P.033,TERENGGANU,P.033,BESUT,111650,85364,,,,,,PAN,USTAZ AZIZ,MALE,,4339,,,,,,PEJUANG,DATO' IR. WAN NAZARI,MALE,,553,,,,,,,,,,,,,,,,,,,,,,,,,,,,,,,,,,,,,,,,,,,,,
P.034,TERENGGANU,P.034,SETIU,107294,84832,,,,,,PKR,MOHAMAD BIN NGAH,MALE,69,2125,,,,,,PEJUANG,WAN ADNAN,MALE,,203,,,,,,,,,,,,,,,,,,,,,,,,,,,,,,,,,,,,,,,,,,,,,
P.035,TERENGGANU,P.035,KUALA NERUS,105952,87628,,,,,,PAN,DATUK SERI SUHAIMI HASHIM,MALE,,3708,,,,,,PUTRA,AZAHA,MALE,,291,,,,,,,,,,,,,,,,,,,,,,,,,,,,,,,,,,,,,,,,,,,,,
P.036,TERENGGANU,P.036,KUALA TERENGGANU,123305,96552,,,,,,PAN,DATO' RAJA BAHRIN,MALE,67,10946,,,,,,PUTRA,MOHAMAD ABU BAKAR BIN MUDA,MALE,57,481,,,,,,,,,,,,,,,,,,,,,,,,,,,,,,,,,,,,,,,,,,,,,
P.037,TERENGGANU,P.037,MARANG,131756,109068,,,,,,PAN,USTAZ AZHAR,MALE,57,4140,,,,,,PUTRA,DR.ZARAWI BIN SULONG,MALE,,427,,,,,,,,,,,,,,,,,,,,,,,,,,,,,,,,,,,,,,,,,,,,,
P.038,TERENGGANU,P.038,HULU TERENGGANU,87917,72008,,,,,,PKR,CIKGU ALIAS ISMAIL,MALE,54,1740,,,,,,PUTRA,KHADRI,MALE,49,182,,,,,,,,,,,,,,,,,,,,,,,,,,,,,,,,,,,,,,,,,,,,,
P.039,TERENGGANU,P.039,DUNGUN,115559,91269,,,,,,PKR,DATO' DR MOHD JOHARI,MALE,51,5307,,,,,,PEJUANG,NORAISAH BINTI HASAN,FEMALE,32,322,,,,,,,,,,,,,,,,,,,,,,,,,,INDEPENDENT - BOOK,PEGUAM GHAZALI,MALE,49,305,,,,,,,,,,,,,,,
P.040,TERENGGANU,P.040,KEMAMAN,139423,113095,,,,,,PKR,HASUNI BIN SUDIN,MALE,59,8340,,,,,,PEJUANG,ROSLI,MALE,,506,,,,,,,,,,,,,,,,,,,,,,,,,,,,,,,,,,,,,,,,,,,,,
P.041,PULAU PINANG,P.041,KEPALA BATAS,83081,69302,,,,,,,,,,,,,,,,BERJASA,USTAZ HAMIDI ABU HASSAN,MALE,,747,,,,,,,,,,,,,,,,,,,,,,,,,,,,,,,,,,,,,,,,,,,,,
P.042,PULAU PINANG,P.042,TASEK GELUGOR,80868,67112,,,,,,,,,,,,,,,,GB,DR. ABDUL HALIM,MALE,51,406,,,,,,,,,,,WARISAN,AKMAL AZHAR,MALE,35,179,,,,,,,,,,,,,,,,,,,,,,,,,,,,,,
P.043,PULAU PINANG,P.043,BAGAN,89447,68654,MCA,TAN CHUAN HONG,MALE,55,5385,,,,,,PPBM,ALAN OH,MALE,,6149,IMAN,HAFIZ,MALE,35,1323,,,,,,,,,,,,,,,,,,,,,,,,,,,,,,,,,,,,,,,,,,,,,
P.044,PULAU PINANG,P.044,PERMATANG PAUH,107186,87448,,,,,,,,,,,,,,,,PUTRA,CIKGU NASIR,MALE,,473,,,,,,,,,,,,,,,,,,,,,,,,,,,,,,,,,,,,,,,,,,,,,
P.045,PULAU PINANG,P.045,BUKIT MERTAJAM,120819,92745,MCA,AH PANG,MALE,39,6986,,,,,,,,,,,,,,,,,,,,,,,,,,,,,,,,,,,,,,,,,,,,,,,,,,,,,,,,,,,,
P.046,PULAU PINANG,P.046,BATU KAWAN,88812,68831,MCA,TAN LEE HUAT,MALE,55,7145,,,,,,,,,,,,,,,,,,,,,,,,,,WARISAN,ONG CHIN WEN,MALE,,450,PRM,LEE AH LEONG,MALE,75,148,,,,,,,,,,,,,,,,,,,,,,,,,
P.047,PULAU PINANG,P.047,NIBONG TEBAL,100062,79308,,,,,,,,,,,,,,,,,,,,,,,,,,,,,,,,,,,,,,,,,,,,,,INDEPENDENT - KEY,GOH KHENG HUAT,MALE,60,565,,,,,,,,,,,,,,,
P.048,PULAU PINANG,P.048,BUKIT BENDERA,92521,62489,PCM,RICHIE HUAN XIN YUN,MALE,33,5417,,,,,,GERAKAN,HNG CHEE WEY,MALE,,6743,,,,,,,,,,,,,,,,,,,,,PRM,TEH YEE CHEU,MALE,64,677,,,,,,INDEPENDENT - PEN,RAZALIF ZAIN,MALE,,299,,,,,,,,,,,,,,,
P.049,PULAU PINANG,P.049,TANJONG,52803,37683,MCA,TAN KIM NEE,FEMALE,38,3214,,,,,,GERAKAN,AH LENG,MALE,58,2501,,,,,,,,,,,,,,,,,,,,,,,,,,,,,,,,,,,,,,,,,,,,,,,,,,
P.050,PULAU PINANG,P.050,JELUTONG,93989,70707,IPF,DATUK LOGANATHAN A/L THORAISAMY,MALE,59,7387,,,,,,,,,,,,,,,,,,,,,,,,,,WARISAN,LIM HUAT POH (MARTIN),MALE,54,442,PRM,KOH SWE YONG,MALE,71,264,,,,,,INDEPENDENT - CHAIR,YACOOB BIN NOOR,MALE,33,480,,,,,,,,,,,,,,,
P.051,PULAU PINANG,P.051,BUKIT GELUGOR,117134,86073,MCA,WONG CHIN CHONG,MALE,48,6777,,,,,,PPBM,P. THINAGARANABHAN,MALE,41,8092,,,,,,,,,,,,,,,,,,,,,,,,,,,,,,,,,,,,,,,,,,,,,,,,,,
P.052,PULAU PINANG,P.052,BAYAN BARU,119640,89708,,,,,,,,,,,,,,,,,,,,,,,,,,,,,,,WARISAN,JEFF OOI,MALE,67,440,PRM,RAVINDER SINGH,MALE,80,251,,,,,,INDEPENDENT - KEY,KAN CHEE YUEN,MALE,49,124,,,,,,,,,,,,,,,
P.053,PULAU PINANG,P.053,BALIK PULAU,80264,63911,,,,,,,,,,,,,,,,PEJUANG,FAZLI MOHAMMAD,MALE,47,341,,,,,,,,,,,,,,,,,,,,,,,,,,INDEPENDENT - TRACTOR,DATO' SRI JOHNNY (DSJ),MALE,50,180,INDEPENDENT - TREE,DATO SRI SABARUDDIN BIN AHMAD,MALE,49,366,,,,,,,,,,
P.054,PERAK,P.054,GERIK,47565,34612,,,,,,,,,,,,,,,,,,,,,,,,,,,,,,,,,,,,,,,,,,,,,,,,,,,,,,,,,,,,,,,,,
P.055,PERAK,P.055,LENGGONG,36950,27679,,,,,,PKR,JUREY LATIFF ROSLI,MALE,56,3382,,,,,,,,,,,,,,,,,,,,,,,,,,,,,,,,,,,,,,,,,,,,,,,,,,,,,,,
P.056,PERAK,P.056,LARUT,65719,51875,,,,,,PAN,USTAZ ZOLKHARNAIN BIN ABIDIN,MALE,,6207,,,,,,BERJASA,USTAZ AUZAIE,MALE,47,566,,,,,,,,,,,,,,,,,,,,,,,,,,,,,,,,,,,,,,,,,,,,,
P.057,PERAK,P.057,PARIT BUNTAR,68502,52903,,,,,,,,,,,,,,,,PEJUANG,HJ ROHIJAS,MALE,,259,,,,,,,,,,,,,,,,,,,,,,,,,,,,,,,,,,,,,,,,,,,,,
P.058,PERAK,P.058,BAGAN SERAI,80293,62533,,,,,,,,,,,,,,,,PEJUANG,HAJI AHMAD LUQMAN,MALE,,383,,,,,,,,,,,,,,,,,,,,,,,,,,,,,,,,,,,,,,,,,,,,,
P.059,PERAK,P.059,BUKIT GANTANG,94253,71567,,,,,,,,,,,,,,,,PEJUANG,MOHD SHUKRI,MALE,,508,,,,,,,,,,,,,,,,,,,,,,,,,,,,,,,,,,,,,,,,,,,,,
P.060,PERAK,P.060,TAIPING,121566,84769,,,,,,,,,,,,,,,,,,,,,,,,,,,,,,,,,,,,,,,,,,,,,,INDEPENDENT - ELEPHANT,MOHGANAN A/L P MANIKAM,MALE,,236,INDEPENDENT - RABBIT,TS.DR.RAMA,MALE,,113,INDEPENDENT - SPECTACLES,LEOW THYE YIH,MALE,55,1154,,,,,
P.061,PERAK,P.061,PADANG RENGAS,38686,29878,,,,,,,,,,,,,,,,,,,,,,,,,,,,,,,,,,,,,,,,,,,,,,,,,,,,,,,,,,,,,,,,,
P.062,PERAK,P.062,SUNGAI SIPUT,72395,51649,,,,,,,,,,,,,,,,PEJUANG,AHMAD FAUZI BIN MOHD JAAFAR,MALE,49,784,,,,,,,,,,,,,,,,,,,,,,,,,,INDEPENDENT - KEY,INDRANI,FEMALE,50,614,INDEPENDENT - BOOK,HAJI BAHA,MALE,63,598,INDEPENDENT - DONKEY,RAJAH A/L NARASAIM,MALE,57,35,,,,,
P.063,PERAK,P.063,TAMBUN,160558,124819,,,,,,,,,,,,,,,,PEJUANG,ABDUL RAHIM TAHIR,MALE,,1114,,,,,,,,,,,,,,,,,,,,,,,,,,,,,,,,,,,,,,,,,,,,,
P.064,PERAK,P.064,IPOH TIMOR,118178,79780,MCA,NG KAI CHEONG,MALE,38,8570,,,,,,,,,,,,,,,,,,,,,,,,,,,,,,,,,,,,,,,,,,,,,,,,,,,,,,,,,,,,
P.065,PERAK,P.065,IPOH BARAT,114654,78356,MCA,AH NAN,MALE,39,7248,,,,,,GERAKAN,CHEK KWONG WENG,MALE,,6815,,,,,,,,,,,,,,,,,,,,,,,,,,,,,,,INDEPENDENT - CLOCK,TAN SRI M KAYVEAS,MALE,68,378,,,,,,,,,,,,,,,
P.066,PERAK,P.066,BATU GAJAH,111896,74955,MCA,TEOH CHIN CHONG,MALE,63,6793,,,,,,GERAKAN,WOO CHEONG YUEN,MALE,,7163,,,,,,,,,,,,,,,,,,,,,,,,,,,,,,,,,,,,,,,,,,,,,,,,,,
P.067,PERAK,P.067,KUALA KANGSAR,46985,35754,,,,,,,,,,,,,,,,PEJUANG,DR YUSMALIA BT MOHAMAD YUSOF,FEMALE,43,204,,,,,,,,,,,,,,,,,,,,,,,,,,,,,,,,,,,,,,,,,,,,,
P.068,PERAK,P.068,BERUAS,108249,72173,,,,,,,,,,,,,,,,,,,,,,,,,,,,,,,,,,,,,,,,,,,,,,,,,,,,,,,,,,,,,,,,,
P.069,PERAK,P.069,PARIT,47915,37545,,,,,,,,,,,,,,,,PEJUANG,DR. FAIZOL FADZLI,MALE,,275,,,,,,,,,,,,,,,,,,,,,,,,,,,,,,,,,,,,,,,,,,,,,
P.070,PERAK,P.070,KAMPAR,89894,59386,,,,,,,,,,,,,,,,,,,,,,,,,,,,,,,WARISAN,LEONG CHEOK KENG,MALE,,655,,,,,,,,,,,,,,,,,,,,,,,,,,,,,,
P.071,PERAK,P.071,GOPENG,143657,103638,,,,,,,,,,,,,,,,,,,,,,,,,,,,,,,WARISAN,BALACHANDRAN A/L GOPAL,MALE,45,633,,,,,,,,,,,,,,,,,,,,,,,,,,,,,,
P.072,PERAK,P.072,TAPAH,61946,44481,,,,,,,,,,,,,,,,PEJUANG,MIOR HAIDIR,MALE,,335,,,,,,,,,,,WARISAN,MOHAMED AKBAR B. YASIN,MALE,,200,,,,,,,,,,,INDEPENDENT - KEY,M. KATHIRAVAN,MALE,,99,,,,,,,,,,,,,,,
P.073,PERAK,P.073,PASIR SALAK,74761,57023,,,,,,,,,,,,,,,,PUTRA,ZAIROL HIZAM BIN ZAKARIA,MALE,49,539,,,,,,,,,,,,,,,,,,,,,,,,,,,,,,,,,,,,,,,,,,,,,
P.074,PERAK,P.074,LUMUT,92972,71162,,,,,,,,,,,,,,,,PEJUANG,MAZLAN ABD GHANI,MALE,47,385,,,,,,,,,,,WARISAN,KOMANDER ISNIN,MALE,,358,,,,,,,,,,,,,,,,,,,,,,,,,,,,,,
P.075,PERAK,P.075,BAGAN DATUK,58183,41856,,,,,,,,,,,,,,,,,,,,,,,,,,,,,,,,,,,,,,,,,,,,,,INDEPENDENT - KEY,TAWFIK TUN DR ISMAIL,MALE,71,226,,,,,,,,,,,,,,,
P.076,PERAK,P.076,TELUK INTAN,87222,64194,,,,,,,,,,,,,,,,PEJUANG,AMIR KHUSYAIRI,MALE,40,793,,,,,,,,,,,,,,,,,,,,,,,,,,,,,,,,,,,,,,,,,,,,,
P.077,PERAK,P.077,TANJONG MALIM,93873,69671,,,,,,,,,,,,,,,,IMAN,DR AMIR HAMZAH,MALE,50,609,,,,,,,,,,,,,,,,,,,,,,,,,,INDEPENDENT - DONKEY,DATUK JAMALUDDIN BIN MOHD. RADZI,MALE,66,1032,INDEPENDENT - PEN,CIKGU IZZAT JOHARI,MALE,,328,,,,,,,,,,
P.078,PAHANG,P.078,CAMERON HIGHLANDS,46020,33265,,,,,,,,,,,,,,,,,,,,,,,,,,,,,,,,,,,,,,,,,,,,,,,,,,,,,,,,,,,,,,,,,
P.079,PAHANG,P.079,LIPIS,47124,35855,,,,,,,,,,,,,,,,PEJUANG,AISHATON BINTI ABU BAKAR,FEMALE,,263,,,,,,,,,,,,,,,,,,,,,,,,,,,,,,,,,,,,,,,,,,,,,
P.080,PAHANG,P.080,RAUB,75064,56235,,,,,,,,,,,,,,,,PEJUANG,NORKHAIRUL ANUAR BIN MOHAMED NOR,MALE,,427,,,,,,,,,,,,,,,,,,,,,,,,,,,,,,,,,,,,,,,,,,,,,
P.081,PAHANG,P.081,JERANTUT,87051,66754,,,,,,,,,,,,,,,,,,,,,,,,,,,,,,,,,,,,,,,,,,,,,,,,,,,,,,,,,,,,,,,,,
P.082,PAHANG,P.082,INDERA MAHKOTA,120549,93327,,,,,,,,,,,,,,,,BERJASA,DR. MOHAMAD NOR BIN SUNDARI,MALE,58,1865,,,,,,,,,,,,,,,,,,,,,,,,,,,,,,,,,,,,,,,,,,,,,
P.083,PAHANG,P.083,KUANTAN,87597,67762,,,,,,,,,,,,,,,,PEJUANG,MEJAR ANUAR TAJUDDIN (B),MALE,,486,,,,,,,,,,,,,,,,,,,,,,,,,,,,,,,,,,,,,,,,,,,,,
P.084,PAHANG,P.084,PAYA BESAR,79744,61983,,,,,,,,,,,,,,,,PEJUANG,IR. ROSMINAHAR,MALE,,310,,,,,,,,,,,,,,,,,,,,,,,,,,,,,,,,,,,,,,,,,,,,,
P.085,PAHANG,P.085,PEKAN,119443,93041,,,,,,PKR,MOHD NAIM ZAINAL ABIDIN,MALE,56,6316,,,,,,PEJUANG,DATO' RADHI ABDUL RAZAK,MALE,,472,,,,,,,,,,,,,,,,,,,,,,,,,,INDEPENDENT - HOUSE,TENGKU DATO' HISHAM,MALE,66,366,,,,,,,,,,,,,,,
P.086,PAHANG,P.086,MARAN,53128,41092,,,,,,PAN,AHMAD SHUHOR,MALE,,3547,,,,,,,,,,,,,,,,,,,,,,,,,,,,,,,,,,,,INDEPENDENT - PEN,MUHAMAD HAFIZ AL-HAFIZ,MALE,,166,,,,,,,,,,,,,,,
P.087,PAHANG,P.087,KUALA KRAU,60537,47743,,,,,,PAN,JUHARI OSMAN,MALE,45,3593,,,,,,PEJUANG,SHAHRUDDIN MOHAMED SALLEH,MALE,66,164,,,,,,,,,,,,,,,,,,,,,,,,,,,,,,,,,,,,,,,,,,,,,
P.088,PAHANG,P.088,TEMERLOH,106829,82637,,,,,,,,,,,,,,,,GB,AMINUDDIN BIN YAHAYA,MALE,,1108,,,,,,,,,,,,,,,,,,,,,,,,,,,,,,,,,,,,,,,,,,,,,
P.089,PAHANG,P.089,BENTONG,87058,66657,,,,,,,,,,,,,,,,,,,,,,,,,,,,,,,,,,,,,,,,,,,,,,INDEPENDENT - PEN,ACHIK KHALIL,MALE,,168,INDEPENDENT - HOE,WONG TACK,MALE,,798,,,,,,,,,,
P.090,PAHANG,P.090,BERA,77669,59548,,,,,,,,,,,,,,,,,,,,,,,,,,,,,,,,,,,,,,,,,,,,,,,,,,,,,,,,,,,,,,,,,
P.091,PAHANG,P.091,ROMPIN,89131,66927,,,,,,PKR,ERMAN SHAH,MALE,43,4779,,,,,,,,,,,,,,,,,,,,,,,,,,,,,,,,,,,,INDEPENDENT - BOOK,HAMIZI BIN HUSSAIN,MALE,,408,,,,,,,,,,,,,,,
P.092,SELANGOR,P.092,SABAK BERNAM,51609,40977,,,,,,,,,,,,,,,,GB,DATO` SRI EIZLAN YUSOF,MALE,51,460,,,,,,,,,,,,,,,,,,,,,,,,,,,,,,,,,,,,,,,,,,,,,
P.093,SELANGOR,P.093,SUNGAI BESAR,64382,51070,,,,,,,,,,,,,,,,PUTRA,DATO' ASMAWAR BIN SAMAT,MALE,,225,,,,,,,,,,,,,,,,,,,,,,,,,,,,,,,,,,,,,,,,,,,,,
P.094,SELANGOR,P.094,HULU SELANGOR,154317,122442,,,,,,,,,,,,,,,,PEJUANG,HARUMAINI BIN HAJI OMAR,MALE,,1849,,,,,,,,,,,,,,,,PBM,HANIZA TALHA,FEMALE,60,1013,,,,,,INDEPENDENT - PEN,AZLINDA BINTI BARONI,FEMALE,,446,,,,,,,,,,,,,,,
P.095,SELANGOR,P.095,TANJONG KARANG,62194,51205,,,,,,,,,,,,,,,,GB,LANDO BROTHERHOOD,MALE,47,3557,,,,,,,,,,,,,,,,,,,,,,,,,,INDEPENDENT - TREE,MOHD ROSNI,MALE,59,1406,,,,,,,,,,,,,,,
P.096,SELANGOR,P.096,KUALA SELANGOR,102951,86481,,,,,,,,,,,,,,,,PEJUANG,YB SHAID ROSLI,MALE,40,1778,,,,,,,,,,,,,,,,,,,,,,,,,,,,,,,,,,,,,,,,,,,,,
P.097,SELANGOR,P.097,SELAYANG,181539,144881,,,,,,,,,,,,,,,,PEJUANG,SALLEH AMIRUDDIN,MALE,59,2584,,,,,,,,,,,,,,,,,,,,,,,,,,INDEPENDENT - PEN,MUHAMMAD ZAKI BIN OMAR,MALE,37,945,,,,,,,,,,,,,,,
P.098,SELANGOR,P.098,GOMBAK,206744,165426,,,,,,,,,,,,,,,,PUTRA,DATUK DR. AZIZ JAMALUDIN,MALE,68,2223,,,,,,,,,,,,,,,,,,,,,,,,,,INDEPENDENT - PEN,IR HJ ZULKIFLI,MALE,,675,,,,,,,,,,,,,,,
P.099,SELANGOR,P.099,AMPANG,133494,104430,MCA,IVONE LOW YI WEN,FEMALE,29,11509,,,,,,,,,,,PEJUANG,DR. NURUL ASHIKIN,FEMALE,33,2653,,,,,,,,,,,WARISAN,BRYAN LAI,MALE,,1423,PBM,ZURAIDA BINTI KAMARUDDIN,FEMALE,64,4589,,,,,,INDEPENDENT - PEN,M.RAVEEN,MALE,,148,INDEPENDENT - CLOCK,MUHAMMAD SHAFIQ IZWAN BIN MOHD YUNOS,MALE,,188,INDEPENDENT - ELEPHANT,TAN HUA MENG,MALE,,93,,,,,
P.100,SELANGOR,P.100,PANDAN,148730,115656,MCA,LEONG KOK WEE,MALE,54,11664,,,,,,,,,,,GB,NADIA HANAFIAH,FEMALE,53,961,,,,,,,,,,,WARISAN,ONG TEE KEAT,MALE,66,3323,,,,,,,,,,,,,,,,,,,,,,,,,,,,,,
P.101,SELANGOR,P.101,HULU LANGAT,166902,136787,,,,,,,,,,,,,,,,PEJUANG,DATO HAJI MARKIMAN KOBIRAN,MALE,,1655,,,,,,,,,,,WARISAN,DATO' ABDUL RAHMAN BIN JAAFAR,MALE,,370,,,,,,,,,,,INDEPENDENT - TREE,DR MOHAMED MUSTAFA,MALE,,326,,,,,,,,,,,,,,,
P.102,SELANGOR,P.102,BANGI,303430,244291,MCA,HOH HEE LEE,MALE,62,25685,,,,,,,,,,,BERJASA,USTAZ ANNUAR BIN SALLEH,MALE,56,3148,,,,,,,,,,,,,,,,PRM,CHEE CHEE MENG,MALE,,752,,,,,,INDEPENDENT - KEY,DR. JAMAL,MALE,65,676,INDEPENDENT - PEN,FAUZI HASIM,MALE,,401,INDEPENDENT - HOE,ASSOCIATE PROF. SUTHAN M,MALE,,194,,,,,
P.103,SELANGOR,P.103,PUCHONG,152861,120949,,,,,,,,,,,,,,,,,,,,,,,,,,,,,,,,,,,,,,,,,,,,,,INDEPENDENT - PHONE,UNCLE KENTANG,MALE,59,1793,,,,,,,,,,,,,,,
P.104,SELANGOR,P.104,SUBANG,230940,177983,MCA,DR KOW,MALE,56,16539,,,,,,,,,,,,,,,,,,,,,,,,,,,,,,,,,,,,,,,,,,,,,,,,,,,,,,,,,,,,
P.105,SELANGOR,P.105,PETALING JAYA,195148,145862,,,,,,,,,,,,,,,,GB,MAZWEEN MOKHTAR,FEMALE,44,4052,,,,,,,,,,,,,,,,PRM,DATUK EZAM MOHD NOR,MALE,55,2049,,,,,,INDEPENDENT - KEY,DR. K. J. JOHN,MALE,72,461,,,,,,,,,,,,,,,
P.106,SELANGOR,P.106,DAMANSARA,239103,174937,MCA,TAN GIM TUAN GT,MALE,53,13806,,,,,,GERAKAN,LIM SI CHING,MALE,30,18256,,,,,,,,,,,,,,,,,,,,,,,,,,,,,,,,,,,,,,,,,,,,,,,,,,
P.107,SELANGOR,P.107,SUNGAI BULOH,158090,129639,,,,,,,,,,,,,,,,PEJUANG,AKMAL YUSOFF,MALE,,829,,,,,,,,,,,,,,,,PRM,AHMAD JUFLIZ,MALE,,279,,,,,,INDEPENDENT - BOOK,SIFU LINDA,FEMALE,33,113,INDEPENDENT - SPECTACLES,SYED RAZAK ALSAGOFF,MALE,62,165,,,,,,,,,,
P.108,SELANGOR,P.108,SHAH ALAM,165744,135770,,,,,,,,,,,,,,,,PEJUANG,RAFIQUE RASHID,MALE,45,2781,,,,,,,,,,,,,,,,,,,,,,,,,,,,,,,,,,,,,,,,,,,,,
P.109,SELANGOR,P.109,KAPAR,189369,158030,,,,,,,,,,,,,,,,BERJASA,UST. HJ. MOHD PATHAN BIN HUSSIN,MALE,,1015,,,,,,,,,,,WARISAN,DATO' SERI RAHIM,MALE,,265,PBM,DR DAROYAH BINTI ALWI,FEMALE,60,1474,,,,,,INDEPENDENT - ELEPHANT,DATO' SRI SIVALINGAM,MALE,,477,,,,,,,,,,,,,,,
P.110,SELANGOR,P.110,KLANG,208913,163905,MCA,TEE HOOI LING,FEMALE,47,19762,,,,,,,,,,,,,,,,,,,,,,,,,,WARISAN,LOO CHENG WEE,MALE,59,1140,PRM,CHANDRASEGAR,MALE,,271,,,,,,INDEPENDENT - HOUSE,HEDRHIN RAMLI @ AWIN,MALE,43,3016,INDEPENDENT - RING,DEEPAK JAIKISHAN,MALE,,439,,,,,,,,,,
P.111,SELANGOR,P.111,KOTA RAJA,244712,197740,MIC,KAJENDRAN,MALE,40,22225,,,,,,,,,,,BERJASA,FAHMI BAZLAN MUDA,MALE,,2063,,,,,,,,,,,,,,,,PRM,SARAH AFIQAH,FEMALE,,360,,,,,,INDEPENDENT - HOE,KUMAR KARANANEDI,MALE,,163,INDEPENDENT - ELEPHANT,P.RAVEENTHARAN A/L A.PERIASAMY,MALE,59,209,INDEPENDENT - TELEVISION,SURENDHAR SELVARAJU,MALE,,106,,,,,
P.112,SELANGOR,P.112,KUALA LANGAT,148637,123860,,,,,,,,,,,,,,,,GB,MOHD RIDZUAN ABDULLAH,MALE,,591,,,,,,,,,,,,,,,,PRM,GANESKUMAR,MALE,,171,,,,,,INDEPENDENT - PEN,HAJAH ZANARIAH JUMHURI,FEMALE,,512,,,,,,,,,,,,,,,
P.113,SELANGOR,P.113,SEPANG,168039,137955,,,,,,,,,,,,,,,,PEJUANG,CHE ASMAH IBRAHIM,FEMALE,59,2337,,,,,,,,,,,,,,,,PRM,NAGESWARAN RAVI,MALE,,165,PUR,DAUD LEONG,MALE,57,264,,,,,,INDEPENDENT - PEN,SHAHRUL AMRI MAT SARI,MALE,,319,INDEPENDENT - ELEPHANT,M. MUNESWARAN,MALE,,194,,,,,
P.114,WILAYAH PERSEKUTUAN KUALA LUMPUR,P.114,KEPONG,94285,72319,MCA,YAP ZHENG HOE,MALE,30,3227,,,,,,GERAKAN,PHAANG JING FATT,MALE,,2795,,,,,,,,,,,,,,,,WARISAN,SHAUN YOUNG,MALE,,528,,,,,,,,,,,INDEPENDENT - ELEPHANT,YEE POH PING,MALE,62,1461,,,,,,,,,,,,,,,
P.115,WILAYAH PERSEKUTUAN KUALA LUMPUR,P.115,BATU,113863,87146,MIC,A. KOHILAN PILLAY,MALE,,10398,,,,,,,,,,,PEJUANG,WAN AZLIANA,FEMALE,45,849,,,,,,,,,,,WARISAN,NATHAN BATU,MALE,,575,PRM,ZULKIFLI FATTAH,MALE,,137,,,,,,INDEPENDENT - SPECTACLES,SITI KASIM,FEMALE,59,653,INDEPENDENT - CHAIR,TIAN CHUA,MALE,59,4603,INDEPENDENT - KEY,TOO GAO LAN,MALE,,112,INDEPENDENT - TREE,NUR FATHIAH SYAZWANA @ CLEO,FEMALE,28,628
P.116,WILAYAH PERSEKUTUAN KUALA LUMPUR,P.116,WANGSA MAJU,120323,92740,,,,,,,,,,,,,,,,PUTRA,NORZAILA,FEMALE,48,987,,,,,,,,,,,WARISAN,WEE CHOO KEONG,MALE,69,576,,,,,,,,,,,INDEPENDENT - KEY,RAVEE SUNTHERALINGAM,MALE,60,216,,,,,,,,,,,,,,,
P.117,WILAYAH PERSEKUTUAN KUALA LUMPUR,P.117,SEGAMBUT,119652,85496,MCA,DANIEL LING SIA CHIN,MALE,58,8304,,,,,,GERAKAN,PRABAGARAN,MALE,,8754,,,,,,,,,,,,,,,,,,,,,,,,,,,,,,,,,,,,,,,,,,,,,,,,,,
P.118,WILAYAH PERSEKUTUAN KUALA LUMPUR,P.118,SETIAWANGSA,95753,74764,,,,,,,,,,,,,,,,PEJUANG,BIBI SUNITA,FEMALE,52,953,,,,,,,,,,,,,,,,,,,,,,,,,,INDEPENDENT - HOUSE,STANLEY LIM YEN TIONG,MALE,56,282,INDEPENDENT - TREE,MEJAR MIOR ROSLI TUDM (B),MALE,,492,,,,,,,,,,
P.119,WILAYAH PERSEKUTUAN KUALA LUMPUR,P.119,TITIWANGSA,80747,60858,,,,,,,,,,,,,,,,PEJUANG,DATO' SRI KHAIRUDDIN BIN ABU HASSAN,MALE,,888,,,,,,,,,,,,,,,,,,,,,,,,,,,,,,,,,,,,,,,,,,,,,
P.120,WILAYAH PERSEKUTUAN KUALA LUMPUR,P.120,BUKIT BINTANG,79782,52936,MCA,TAN TEIK PENG,MALE,42,4850,,,,,,PPBM,EDWIN CHEN,MALE,,4259,,,,,,,,,,,,,,,,,,,,,,,,,,,,,,,,,,,,,,,,,,,,,,,,,,
P.121,WILAYAH PERSEKUTUAN KUALA LUMPUR,P.121,LEMBAH PANTAI,101828,76714,,,,,,,,,,,,,,,,PUTRA,DR. ASMAH,FEMALE,58,810,,,,,,,,,,,,,,,,,,,,,,,,,,,,,,,,,,,,,,,,,,,,,
P.122,WILAYAH PERSEKUTUAN KUALA LUMPUR,P.122,SEPUTEH,124805,87454,MCA,LEE KAH HING,MALE,54,6032,,,,,,GERAKAN,WONG YEE YENG,MALE,,6047,,,,,,,,,,,,,,,,,,,,,,,,,,,,,,,INDEPENDENT - SPECTACLES,CHOY SAN YEH,FEMALE,55,865,INDEPENDENT - RABBIT,LEE WAI HONG,MALE,42,1276,,,,,,,,,,
P.123,WILAYAH PERSEKUTUAN KUALA LUMPUR,P.123,CHERAS,101184,71746,MCA,CHONG YEW CHUAN,MALE,39,5606,,,,,,PPBM,RUBY CHIN,FEMALE,,5846,,,,,,,,,,,,,,,,,,,,,,,,,,,,,,,,,,,,,,,,,,,,,,,,,,
P.124,WILAYAH PERSEKUTUAN KUALA LUMPUR,P.124,BANDAR TUN RAZAK,119185,93021,,,,,,,,,,,,,,,,,,,,,,,,,,,,,,,,,,,,,,,,,,,,,,,,,,,,,,,,,,,,,,,,,
P.125,WILAYAH PERSEKUTUAN PUTRAJAYA,P.125,PUTRAJAYA,42881,36643,,,,,,,,,,,,,,,,BERJASA,DATO' MOHD ROSLI BIN RAMLI,MALE,,878,,,,,,,,,,,,,,,,,,,,,,,,,,INDEPENDENT - PEN,SAMSUDIN PKPKL,MALE,46,63,INDEPENDENT - TREE,LIM FICE BEE,FEMALE,44,20,,,,,,,,,,
P.126,NEGERI SEMBILAN,P.126,JELEBU,59561,45334,,,,,,,,,,,,,,,,PUTRA,AHMAD FAKHRI,MALE,41,253,,,,,,,,,,,,,,,,,,,,,,,,,,,,,,,,,,,,,,,,,,,,,
P.127,NEGERI SEMBILAN,P.127,JEMPOL,95813,71795,,,,,,,,,,,,,,,,PUTRA,TAN SRI KHALID YUNUS,MALE,79,654,,,,,,,,,,,,,,,,,,,,,,,,,,,,,,,,,,,,,,,,,,,,,
P.128,NEGERI SEMBILAN,P.128,SEREMBAN,157244,123289,,,,,,,,,,,,,,,,PEJUANG,SJN (B) MOHAMAD JANI,MALE,,1336,,,,,,,,,,,,,,,,,,,,,,,,,,INDEPENDENT - PEN,IZZAT LESLY,MALE,33,373,,,,,,,,,,,,,,,
P.129,NEGERI SEMBILAN,P.129,KUALA PILAH,63247,48662,,,,,,,,,,,,,,,,PUTRA,KAMARULZAMAN KAMDIAS,MALE,,406,,,,,,,,,,,WARISAN,AZMAN BIN IDRIS,MALE,,333,,,,,,,,,,,,,,,,,,,,,,,,,,,,,,
P.130,NEGERI SEMBILAN,P.130,RASAH,155896,119691,,,,,,,,,,,,,,,,,,,,,,,,,,,,,,,,,,,,,,,,,,,,,,,,,,,,,,,,,,,,,,,,,
P.131,NEGERI SEMBILAN,P.131,REMBAU,133555,109436,,,,,,,,,,,,,,,,PEJUANG,RAMLY BIN AWALLUDIN,MALE,,529,,,,,,,,,,,,,,,,PSM,CIKGU TINA,MALE,45,779,,,,,,,,,,,,,,,,,,,,,,,,,
P.132,NEGERI SEMBILAN,P.132,PORT DICKSON,104450,80185,,,,,,,,,,,,,,,,GB,DR. AHMAD IDHAM BIN AHMAD NADZRI,MALE,48,748,,,,,,,,,,,,,,,,,,,,,,,,,,INDEPENDENT - PEN,RANI KULUP,MALE,67,441,,,,,,,,,,,,,,,
P.133,NEGERI SEMBILAN,P.133,TAMPIN,81099,61033,,,,,,,,,,,,,,,,BERJASA,USTAZ ZAMANI IBRAHIM,MALE,,781,,,,,,,,,,,,,,,,,,,,,,,,,,,,,,,,,,,,,,,,,,,,,
P.134,MELAKA,P.134,MASJID TANAH,69174,54749,,,,,,,,,,,,,,,,PEJUANG,HANDRAWIRAWAN BIN ABU BAKAR,MALE,,507,,,,,,,,,,,,,,,,,,,,,,,,,,,,,,,,,,,,,,,,,,,,,
P.135,MELAKA,P.135,ALOR GAJAH,93311,73000,,,,,,,,,,,,,,,,BERJASA,MUHAMMAD NAZRIQ ABDUL RAHMAN,MALE,,323,,,,,,,,,,,,,,,,,,,,,,,,,,,,,,,,,,,,,,,,,,,,,
P.136,MELAKA,P.136,TANGGA BATU,115998,92027,,,,,,,,,,,,,,,,PUTRA,GHAZALI BIN ABU,MALE,,702,,,,,,,,,,,,,,,,,,,,,,,,,,INDEPENDENT - PEN,SHAHRIL MAHMOOD,MALE,40,267,,,,,,,,,,,,,,,
P.137,MELAKA,P.137,HANG TUAH JAYA,118493,94486,,,,,,,,,,,,,,,,PEJUANG,SHEIKH IKHZAN,MALE,40,739,,,,,,,,,,,,,,,,,,,,,,,,,,,,,,,,,,,,,,,,,,,,,
P.138,MELAKA,P.138,KOTA MELAKA,164140,123181,,,,,,,,,,,,,,,,,,,,,,,,,,,,,,,,,,,,,,,,,,,,,,INDEPENDENT - PEN,DATO' DR. NORAZLAN,MALE,42,925,,,,,,,,,,,,,,,
P.139,MELAKA,P.139,JASIN,96208,77598,,,,,,,,,,,,,,,,PEJUANG,MOHD DAUD NASIR,MALE,,460,,,,,,,,,,,,,,,,,,,,,,,,,,,,,,,,,,,,,,,,,,,,,
P.140,JOHOR,P.140,SEGAMAT,69360,50652,,,,,,,,,,,,,,,,PUTRA,SYED HAIROUL,MALE,,1062,,,,,,,,,,,,,,,,,,,,,,,,,,,,,,,,,,,,,,,,,,,,,
P.141,JOHOR,P.141,SEKIJANG,63981,48237,,,,,,,,,,,,,,,,PUTRA,SAIFUL FAIZAL,MALE,,138,,,,,,,,,,,WARISAN,MOHD ZOHAR BIN AHMAD,MALE,50,339,,,,,,,,,,,,,,,,,,,,,,,,,,,,,,
P.142,JOHOR,P.142,LABIS,49846,34745,,,,,,,,,,,,,,,,,,,,,,,,,,,,,,,,,,,,,,,,,,,,,,,,,,,,,,,,,,,,,,,,,
P.143,JOHOR,P.143,PAGOH,69939,54391,,,,,,,,,,,,,,,,,,,,,,,,,,,,,,,,,,,,,,,,,,,,,,,,,,,,,,,,,,,,,,,,,
P.144,JOHOR,P.144,LEDANG,104577,80307,,,,,,,,,,,,,,,,PEJUANG,RAFIDAH RIDWAN,FEMALE,,269,,,,,,,,,,,,,,,,,,,,,,,,,,INDEPENDENT - TREE,ZAINAL BAHROM,MALE,65,75,INDEPENDENT - PEN,CIKGU YUNUS,MALE,,140,,,,,,,,,,
P.145,JOHOR,P.145,BAKRI,97335,73140,,,,,,,,,,,,,,,,,,,,,,,,,,,,,,,,,,,,,,,,,,,,,,INDEPENDENT - KEY,HARON JAFFAR,MALE,,1900,,,,,,,,,,,,,,,
P.146,JOHOR,P.146,MUAR,68925,53158,,,,,,,,,,,,,,,,,,,,,,,,,,,,,,,,,,,,,,,,,,,,,,,,,,,,,,,,,,,,,,,,,
P.147,JOHOR,P.147,PARIT SULONG,79484,62954,,,,,,,,,,,,,,,,,,,,,,,,,,,,,,,,,,,,,,,,,,,,,,,,,,,,,,,,,,,,,,,,,
P.148,JOHOR,P.148,AYER HITAM,61041,46692,,,,,,,,,,,,,,,,,,,,,,,,,,,,,,,,,,,,,,,,,,,,,,,,,,,,,,,,,,,,,,,,,
P.149,JOHOR,P.149,SRI GADING,78602,61264,,,,,,,,,,,,,,,,PEJUANG,MAHDZIR BIN IBRAHIM,MALE,,305,,,,,,,,,,,,,,,,,,,,,,,,,,,,,,,,,,,,,,,,,,,,,
P.150,JOHOR,P.150,BATU PAHAT,133910,99494,,,,,,,,,,,,,,,,PEJUANG,NIZAM BASHIR,MALE,49,410,,,,,,,,,,,,,,,,PRM,ZAHARI BIN OSMAN,MALE,,263,,,,,,,,,,,,,,,,,,,,,,,,,
P.151,JOHOR,P.151,SIMPANG RENGGAM,59033,44131,,,,,,,,,,,,,,,,PUTRA,KAMAL,MALE,40,251,,,,,,,,,,,,,,,,,,,,,,,,,,,,,,,,,,,,,,,,,,,,,
P.152,JOHOR,P.152,KLUANG,132342,95621,,,,,,,,,,,,,,,,,,,,,,,,,,,,,,,,,,,,,,,,,,,,,,INDEPENDENT - CAR,IR. U. RAMENDRAN,MALE,52,404,,,,,,,,,,,,,,,
P.153,JOHOR,P.153,SEMBRONG,54982,40930,,,,,,,,,,,,,,,,,,,,,,,,,,,,,,,,,,,,,,,,,,,,,,,,,,,,,,,,,,,,,,,,,
P.154,JOHOR,P.154,MERSING,66275,46906,,,,,,,,,,,,,,,,PEJUANG,NURFATIMAH IBRAHIM,FEMALE,33,209,,,,,,,,,,,,,,,,,,,,,,,,,,INDEPENDENT - CAR,ISMAIL BIN DON,MALE,54,89,,,,,,,,,,,,,,,
P.155,JOHOR,P.155,TENGGARA,67294,51350,,,,,,,,,,,,,,,,PUTRA,AZHAR PALAL,MALE,57,353,,,,,,,,,,,,,,,,,,,,,,,,,,,,,,,,,,,,,,,,,,,,,
P.156,JOHOR,P.156,KOTA TINGGI,61291,47333,,,,,,PAN,ONN JAAFAR,MALE,,4903,,,,,,,,,,,,,,,,,,,,,,,,,,,,,,,,,,,,,,,,,,,,,,,,,,,,,,,
P.157,JOHOR,P.157,PENGERANG,55316,41840,,,,,,PAN,CHE ZAKARIA BIN MOHD SALLEH,MALE,61,3374,,,,,,,,,,,,,,,,,,,,,,,,,,,,,,,,,,,,,,,,,,,,,,,,,,,,,,,
P.158,JOHOR,P.158,TEBRAU,223301,167965,,,,,,,,,,,,,,,,,,,,,,,,,,,,,,,,,,,,,,,,,,,,,,,,,,,,,,,,,,,,,,,,,
P.159,JOHOR,P.159,PASIR GUDANG,198485,149280,,,,,,,,,,,,,,,,IMAN,MOHAMMAD RAFFI BERAN,MALE,,1003,,,,,,,,,,,,,,,,,,,,,,,,,,,,,,,,,,,,,,,,,,,,,
P.160,JOHOR,P.160,JOHOR BAHRU,136368,94393,,,,,,,,,,,,,,,,PEJUANG,HAIRY MAHMOOD,MALE,,1855,,,,,,,,,,,,,,,,,,,,,,,,,,,,,,,,,,,,,,,,,,,,,
P.161,JOHOR,P.161,PULAI,165313,117303,,,,,,,,,,,,,,,,,,,,,,,,,,,,,,,,,,,,,,,,,,,,,,,,,,,,,,,,,,,,,,,,,
P.162,JOHOR,P.162,ISKANDAR PUTERI,222437,163680,,,,,,,,,,,,,,,,,,,,,,,,,,,,,,,,,,,,,,,,,,,,,,,,,,,,,,,,,,,,,,,,,
P.163,JOHOR,P.163,KULAI,151247,115253,,,,,,,,,,,,,,,,,,,,,,,,,,,,,,,,,,,,,,,,,,,,,,,,,,,,,,,,,,,,,,,,,
P.164,JOHOR,P.164,PONTIAN,75212,56851,,,,,,,,,,,,,,,,GB,JAMALUDDIN MOHAMAD,MALE,,306,,,,,,,,,,,,,,,,,,,,,,,,,,,,,,,,,,,,,,,,,,,,,
P.165,JOHOR,P.165,TANJUNG PIAI,70679,54588,,,,,,,,,,,,,,,,,,,,,,,,,,,,,,,,,,,,,,,,,,,,,,,,,,,,,,,,,,,,,,,,,
P.166,WILAYAH PERSEKUTUAN LABUAN,P.166,LABUAN,44484,28449,,,,,,,,,,,,,,,,PUTRA,RAMLE,MALE,,90,,,,,,,,,,,,,,,,PBM,DAYANG RUSIMAH @ RAYNIE BINTI DATUK HJ. MOHD. DIN,FEMALE,42,202,,,,,,,,,,,,,,,,,,,,,,,,,
P.167,SABAH,P.167,KUDAT,75724,45108,,,,,,PKR,THONNY CHEE,MALE,42,4726,,,,,,PEJUANG,PETRONELLA USUN,FEMALE,34,282,,,,,,,,,,,,,,,,,,,,,,,,,,,,,,,,,,,,,,,,,,,,,
P.168,SABAH,P.168,KOTA MARUDU,80735,49946,,,,,,,,,,,,,,,,PEJUANG,MOHD AZMI BIN HJ ZULKIFLEE,MALE,,279,,,,,,,,,,,WARISAN,JILID @ ZAINUDDIN BIN KUMINDING,MALE,60,5320,MUDA,SHAHRIZAL DENCI,MALE,40,3225,,,,,,INDEPENDENT - KEY,NORMAN BIN TULANG (TAS),MALE,,660,,,,,,,,,,,,,,,
P.169,SABAH,P.169,KOTA BELUD,79885,54037,,,,,,,,,,,,,,,,,,,,,,,,,,,,,,,,,,,,,,,,,,,,,,,,,,,,,,,,,,,,,,,,,
P. 170,SABAH,P. 170,TUARAN,83419,58227,,,,,,,,,,,,,,,,PEJUANG,MUMININ B. NORBINSHA,MALE,,445,,,,,,,,,,,WARISAN,JO-ANNA SUE HENLEY RAMPAS,FEMALE,33,5728,,,,,,,,,,,INDEPENDENT - KEY,BOBY BIN LEWAT,MALE,,393,INDEPENDENT - PEN,NOORTAIP BIN SUHAILI @ SUALEE,MALE,,2008,,,,,,,,,,
P. 171,SABAH,P. 171,SEPANGGAR,108370,70304,,,,,,,,,,,,,,,,PEJUANG,YUSOF BIN KUNCHANG,MALE,,731,,,,,,,,,,,,,,,,KDM,JUMARDIE LUKMAN,MALE,40,3977,,,,,,,,,,,,,,,,,,,,,,,,,
P. 172,SABAH,P. 172,KOTA KINABALU,74059,44120,,,,,,,,,,,,,,,,,,,,,,,,,,PBS,YEE TSAI YIEW,FEMALE,32,4592,,,,,,KDM,WINSTON LIAW KIT SIONG,MALE,,456,,,,,,,,,,,INDEPENDENT - TELEPHONE,MARCEL JUDE,MALE,,137,,,,,,,,,,
P. 173,SABAH,P. 173,PUTATAN,63173,41249,,,,,,,,,,,,,,,,IMAN,POYNE B. TUDUS @ PATRICK PAYNE,MALE,,394,,,,,,,,,,,,,,,,,,,,,,,,,,,,,,,,,,,,,,,,,,,,,
P. 174,SABAH,P. 174,PENAMPANG,77214,50730,,,,,,,,,,,,,,,,,,,,,,,,,,,,,,,,,,,,,,,,,,,,,,INDEPENDENT - TREE,RICHARD JIMMY,MALE,54,289,,,,,,,,,,,,,,,
P. 175,SABAH,P. 175,PAPAR,59942,43509,,,,,,,,,,,,,,,,PEJUANG,NICHOLAS SYLVESTER @ BERRY,MALE,56,783,,,,,,,,,,,,,,,,,,,,,,,,,,INDEPENDENT - KEY,NORBERT CHIN,MALE,,231,INDEPENDENT - PEN,JOHNNY SITAMIN,MALE,,277,,,,,,,,,,
P. 176,SABAH,P. 176,KIMANIS,40763,31068,,,,,,,,,,,,,,,,PEJUANG,YUSOP BIN OSMAN,MALE,,153,,,,,,,,,,,,,,,,,,,,,,,,,,,,,,,,,,,,,,,,,,,,,
P. 177,SABAH,P. 177,BEAUFORT,43248,29298,,,,,,,,,,,,,,,,,,,,,,,,,,,,,,,WARISAN,MASRI BIN ADUL,MALE,,2152,,,,,,,,,,,,,,,,INDEPENDENT - TREE,MATLANI BIN SABLI,MALE,,143,INDEPENDENT - KEY,JOHAN @ CHRISTOPHER BIN O T GHANI,,,546,,,,,
P. 178,SABAH,P. 178,SIPITANG,45871,29061,,,,,,,,,,,,,,,,,,,,,,,,,,,,,,,,,,,,,,,,,,,,,,,,,,,,,,,,,,,,,,,,,
P. 179,SABAH,P. 179,RANAU,66517,42298,,,,,,,,,,,,,,,,PEJUANG,AZIZUL JULIRIN,MALE,34,1267,,,,,,,,,,,WARISAN,MARKOS SITON,MALE,67,2657,PBRS,EWON BIN EBIN,MALE,68,4254,,,,,,,,,,,,,,,,,,,,,,,,,
P. 180,SABAH,P. 180,KENINGAU,87588,54872,,,,,,,,,,,,,,,,,,,,,,,,,,,,,,,,,,,,,,,,,,,,,,,,,,,,,,,,,,,,,,,,,
P. 181,SABAH,P. 181,TENOM,42045,28649,,,,,,,,,,,,,,,,,,,,,,,,,,,,,,,WARISAN,UKIM BUANDI,MALE,,992,,,,,,,,,,,,,,,,INDEPENDENT - TRACTOR,PEGGY CHAW ZHI TING,FEMALE,23,86,,,,,,,,,,
P. 182,SABAH,P. 182,PENSIANGAN,55672,37110,,,,,,,,,,,,,,,,PEJUANG,JAMANI BIN DERIMIN,MALE,,124,,,,,,,,,,,WARISAN,SITI NOORHASMAWATTY OSMAN,FEMALE,,1512,KDM,JEKERISON KILAN,MALE,52,1640,,,,,,,,,,,,,,,,,,,,,,,,,
P. 183,SABAH,P. 183,BELURAN,44727,29334,,,,,,,,,,,,,,,,PEJUANG,HAUSING BIN SAMSUDIN @ SUDIN,MALE,,155,,,,,,,,,,,,,,,,,,,,,,,,,,,,,,,,,,,,,,,,,,,,,
P. 184,SABAH,P. 184,LIBARAN,72332,44531,,,,,,,,,,,,,,,,PUTRA,JEFFRI @ AMAT PUDANG,MALE,,826,,,,,,,,,,,,,,,,PPRS,NORDIN BIN KHANI,MALE,,541,,,,,,,,,,,INDEPENDENT - TREE,HJ. AMDAN BIN TUMPONG,MALE,,659,,,,,,,,,,
P. 185,SABAH,P. 185,BATU SAPI,43916,27037,,,,,,,,,,,,,,,,PUTRA,BONI YUSUF JUANICO ABDULLAH,MALE,,176,,,,,,,,,,,,,,,,,,,,,,,,,,INDEPENDENT - BOOK,IR. HJ. OTHMAN HJ. AHMAD,MALE,,160,,,,,,,,,,,,,,,
P. 186,SABAH,P. 186,SANDAKAN,55542,30919,,,,,,,,,,,,,,,,,,,,,,,,,,,,,,,,,,,,,,,,,,,,,,INDEPENDENT - TREE,PETER HII,MALE,,2342,INDEPENDENT - DONKEY,SYEIKH LOKEMAN,MALE,,962,INDEPENDENT - BOOK,HAJJAH LITA TAN BINTI ABDULLAH,FEMALE,,246,,,,,
P. 187,SABAH,P. 187,KINABATANGAN,44773,29354,,,,,,,,,,,,,,,,,,,,,,,,,,,,,,,,,,,,,,,,,,,,,,,,,,,,,,,,,,,,,,,,,
P. 188,SABAH,P. 188,LAHAD DATU,100256,58145,,,,,,,,,,,,,,,,,,,,,,,,,,,,,,,,,,,,,,,,,,,,,,,,,,,,,,,,,,,,,,,,,
P. 189,SABAH,P. 189,SEMPORNA,72169,38909,,,,,,PKR,ARASTAM BIN PANDOROG,MALE,,1848,,,,,,PEJUANG,AB RAJIK AB HAMID,MALE,,467,,,,,,,,,,,,,,,,,,,,,,,,,,,,,,,,,,,,,,,,,,,,,
P. 190,SABAH,P. 190,TAWAU,87477,50687,,,,,,,,,,,,,,,,PEJUANG,HERMAN BIN AMDAS,MALE,,1067,,,,,,,,,,,,,,,,,,,,,,,,,,INDEPENDENT - TREE,DATO' CHIN CHEE SYN,MALE,,651,INDEPENDENT - AEROPLANE,MOHD SALLEH BACHO,MALE,,1776,,,,,,,,,,
P. 191,SABAH,P. 191,KALABAKAN,83970,50030,,,,,,,,,,,,,,,,PEJUANG,DR NUR AINI ABD RAHMAN (MD),FEMALE,,1681,,,,,,,,,,,,,,,,,,,,,,,,,,INDEPENDENT - TREE,DATO MUHAMAD,MALE,,341,,,,,,,,,,,,,,,
P. 192,SARAWAK,P. 192,MAS GADING,47171,31379,,,,,,,,,,,,,,,,,,,,,,,,,,,,,,,,,,,,PBK,RYAN SIM MIN LEONG,MALE,43,2311,,,,,,,,,,,,,,,,,,,,,,,,,
P. 193,SARAWAK,P. 193,SANTUBONG,79540,51809,,,,,,PAN,MOHAMAD ZEN PELI,MALE,,5058,,,,,,,,,,,,,,,,,,,,,,,,,,,,,,,,,,,,INDEPENDENT - KEY,AFFENDI BIN JEMAN,MALE,59,3012,,,,,,,,,,,,,,,
P. 194,SARAWAK,P. 194,PETRA JAYA,109809,69163,,,,,,,,,,,,,,,,,,,,,,,,,,,,,,,,,,,,SEDAR,OTHMAN BIN ABDILLAH,MALE,66,1036,,,,,,,,,,,,,,,,,,,,,,,,,
P. 195,SARAWAK,P. 195,BANDAR KUCHING,109710,63575,,,,,,,,,,,,,,,,,,,,,,,,,,,,,,,,,,,,PSB,VOON LEE SHAN,MALE,67,1760,,,,,,,,,,,,,,,,,,,,,,,,,
P. 196,SARAWAK,P. 196,STAMPIN,121009,73753,,,,,,,,,,,,,,,,,,,,,,,,,,,,,,,,,,,,PSB,LUE CHENG HING,MALE,58,2291,,,,,,,,,,,,,,,,,,,,,,,,,
P. 197,SARAWAK,P. 197,KOTA SAMARAHAN,82229,55111,,,,,,,,,,,,,,,,,,,,,,,,,,,,,,,,,,,,,,,,,,,,,,,,,,,,,,,,,,,,,,,,,
P. 198,SARAWAK,P. 198,PUNCAK BORNEO,79969,51154,,,,,,,,,,,,,,,,,,,,,,,,,,,,,,,,,,,,PSB,IANA ANAK AKAM,FEMALE,47,5578,,,,,,,,,,,,,,,,,,,,,,,,,
P. 199,SARAWAK,P. 199,SERIAN,65273,39974,,,,,,,,,,,,,,,,,,,,,,,,,,,,,,,,,,,,,,,,,,,,,,,,,,,,,,,,,,,,,,,,,
P. 200,SARAWAK,P. 200,BATANG SADONG,32640,22443,,,,,,,,,,,,,,,,,,,,,,,,,,,,,,,,,,,,,,,,,,,,,,,,,,,,,,,,,,,,,,,,,
P. 201,SARAWAK,P. 201,BATANG LUPAR,43072,27559,,,,,,PAN,WEL @ MAXWEL ROJIS,MALE,,2768,,,,,,,,,,,,,,,,,,,,,,,,,,,,,,,,,,,,,,,,,,,,,,,,,,,,,,,
P. 202,SARAWAK,P. 202,SRI AMAN,50164,31917,,,,,,PKR,NAGA LIBAU @ TAY,MALE,44,2021,,,,,,,,,,,,,,,,,,,,,,,,,,,,,,,,,,,,,,,,,,,,,,,,,,,,,,,
P. 203,SARAWAK,P. 203,LUBOK ANTU,28995,19294,,,,,,PKR,LANGGA LIAS,MALE,61,746,,,,,,,,,,,,,,,,,,,,,,,,,,,,,,,,,,,,,,,,,,,,,,,,,,,,,,,
P. 204,SARAWAK,P. 204,BETONG,41743,26713,,,,,,,,,,,,,,,,,,,,,,,,,,,,,,,,,,,,,,,,,,,,,,,,,,,,,,,,,,,,,,,,,
P. 205,SARAWAK,P. 205,SARATOK,44531,30841,,,,,,PKR,IBIL JAYA,MALE,61,1221,,,,,,,,,,,,,,,,,,,,,,,,,,,,,,,,,,,,,,,,,,,,,,,,,,,,,,,
P. 206,SARAWAK,P. 206,TANJONG MANIS,32948,19040,,,,,,,,,,,,,,,,,,,,,,,,,,,,,,,,,,,,,,,,,,,,,,,,,,,,,,,,,,,,,,,,,
P. 207,SARAWAK,P. 207,IGAN,28290,16986,,,,,,PAN,HUD ANDRI,MALE,50,1162,,,,,,,,,,,,,,,,,,,,,,,,,,,,,,,,,,,,,,,,,,,,,,,,,,,,,,,
P. 208,SARAWAK,P. 208,SARIKEI,55018,36463,,,,,,,,,,,,,,,,,,,,,,,,,,,,,,,,,,,,,,,,,,,,,,,,,,,,,,,,,,,,,,,,,
P. 209,SARAWAK,P. 209,JULAU,34850,22537,,,,,,,,,,,,,,,,,,,,,,,,,,,,,,,,,,,,,,,,,PBDS,SUSAN ANAK GEORGE,FEMALE,37,335,,,,,,,,,,,,,,,,,,,,
P. 210,SARAWAK,P. 210,KANOWIT,30988,18043,,,,,,,,,,,,,,,,,,,,,,,,,,,,,,,,,,,,,,,,,,,,,,INDEPENDENT - KEY,DR. ELLI LUHAT,MALE,65,427,INDEPENDENT - BOOK,GEORGE CHEN,MALE,60,741,,,,,,,,,,
P. 211,SARAWAK,P. 211,LANANG,87356,52946,,,,,,,,,,,,,,,,,,,,,,,,,,,,,,,,,,,,PSB,PRISCILLA LAU,FEMALE,53,3663,,,,,,,,,,,INDEPENDENT - DONKEY,DATO WONG TIING KIONG,MALE,60,587,,,,,,,,,,
P. 212,SARAWAK,P. 212,SIBU,105875,65942,,,,,,,,,,,,,,,,,,,,,,,,,,,,,,,,,,,,,,,,,,,,,,,,,,,,,,,,,,,,,,,,,
P. 213,SARAWAK,P. 213,MUKAH,46964,27780,,,,,,,,,,,,,,,,,,,,,,,,,,,,,,,,,,,,,,,,,,,,,,,,,,,,,,,,,,,,,,,,,
P. 214,SARAWAK,P. 214,SELANGAU,45743,28796,,,,,,,,,,,,,,,,,,,,,,,,,,,,,,,,,,,,,,,,,,,,,,INDEPENDENT - AEROPLANE,HENRY JOSEPH USAU,MALE,,1626,,,,,,,,,,,,,,,
P. 215,SARAWAK,P. 215,KAPIT,45210,21999,,,,,,,,,,,,,,,,,,,,,,,,,,,,,,,,,,,,PBDS,ROBERT SAWENG,MALE,52,1357,,,,,,,,,,,,,,,,,,,,,,,,,
P. 216,SARAWAK,P. 216,HULU RAJANG,43438,23407,,,,,,,,,,,,,,,,,,,,,,,,,,,,,,,,,,,,,,,,,,,,,,,,,,,,,,,,,,,,,,,,,
P. 217,SARAWAK,P. 217,BINTULU,113599,70392,,,,,,,,,,,PPBM,DUKE ANAK JANTENG,MALE,,5650,,,,,,,,,,,,,,,,,,,,,,,,,,,,,,,,,,,,,,,,,,,,,,,,,,
P. 218,SARAWAK,P. 218,SIBUTI,58522,33916,,,,,,,,,,,,,,,,,,,,,,,,,,,,,,,,,,,,PBDS,BOBBY ANAK WILLIAM,MALE,55,1361,,,,,,,,,,,,,,,,,,,,,,,,,
P. 219,SARAWAK,P. 219,MIRI,143229,78148,,,,,,,,,,,,,,,,,,,,,,,,,,,,,,,,,,,,PSB,LAWRENCE LAI,MALE,,5209,,,,,,,,,,,,,,,,,,,,,,,,,
P. 220,SARAWAK,P. 220,BARAM,59535,29783,,,,,,,,,,,,,,,,,,,,,,,,,,,,,,,,,,,,,,,,,,,,,,INDEPENDENT - TREE,WILFREDENTIKA,MALE,64,324,,,,,,,,,,,,,,,
P. 221,SARAWAK,P. 221,LIMBANG,41999,19796,,,,,,,,,,,,,,,,,,,,,,,,,,,,,,,,,,,,,,,,,,,,,,,,,,,,,,,,,,,,,,,,,
P. 222,SARAWAK,P. 222,LAWAS,33655,18208,,,,,,PKR,HJ JAPAR BIN HJ SUYUT,MALE,61,1163,,,,,,,,,,,,,,,,,,,,,,,,,,,,,,,,,,,,,,,,,,,,,,,,,,,,,,,
