UNIQUE CODE,STATE,PARLIAMENTARY CODE,PARLIAMENTARY NAME,STATE CONSTITUENCY CODE,STATE CONSTITUENCY NAME,WINNING PARTY,UNCONTESTED VICTORY,TOTAL ELECTORATE,WINNING MAJORITY,TURNOUT (%),TOTAL BALLOTS ISSUED,TOTAL UNRETURNED VOTES,TOTAL REJECTED VOTES,TOTAL VALID VOTES,BN,BN CANDIDATE,BN CANDIDATE GENDER,BN CANDIDATE AGE,BN VOTE,PH,PH CANDIDATE,PH CANDIDATE GENDER,PH CANDIDATE AGE,PH VOTE,PN,PN CANDIDATE,PN CANDIDATE GENDER,PN CANDIDATE AGE,PN VOTE,GTA,GTA CANDIDATE,GTA CANDIDATE GENDER,GTA CANDIDATE AGE,GTA VOTE,GPS,GPS CANDIDATE,GPS CANDIDATE GENDER,GPS CANDIDATE AGE,GPS VOTE,GRS,GRS CANDIDATE,GRS CANDIDATE GENDER,GRS CANDIDATE AGE,GRS VOTE,WARISAN,WARISAN CANDIDATE,WARISAN CANDIDATE GENDER,WARISAN CANDIDATE AGE,WARISAN VOTE,OTHER PARTY (1),OTHER PARTY (1) CANDIDATE,OTHER PARTY (1) CANDIDATE GENDER,OTHER PARTY (1) CANDIDATE AGE,OTHER PARTY (1) VOTE,OTHER PARTY (2),OTHER PARTY (2) CANDIDATE,OTHER PARTY (2) CANDIDATE GENDER,OTHER PARTY (2) CANDIDATE AGE,OTHER PARTY (2) VOTE,INDEPENDENT (1),INDEPENDENT (1) CANDIDATE,INDEPENDENT (1) CANDIDATE GENDER,INDEPENDENT (1) CANDIDATE AGE,INDEPENDENT (1) VOTE,INDEPENDENT (2),INDEPENDENT (2) CANDIDATE,INDEPENDENT (2) CANDIDATE GENDER,INDEPENDENT (2) CANDIDATE AGE,INDEPENDENT (2) VOTE,INDEPENDENT (3),INDEPENDENT (3) CANDIDATE,INDEPENDENT (3) CANDIDATE GENDER,INDEPENDENT (3) CANDIDATE AGE,INDEPENDENT (3) VOTE,INDEPENDENT (4),INDEPENDENT (4) CANDIDATE,INDEPENDENT (4) CANDIDATE GENDER,INDEPENDENT (4) CANDIDATE AGE,INDEPENDENT (4) VOTE,,,,
P.001_N.01,PERLIS,P.001,PADANG BESAR,N.01,TITI TINGGI,PN - PPBM,,13403,3785,72.73,9748,16,145,9587,MCA,TEH CHAI AAN,MALE,57,1816,DAP,TEH SENG CHUAN,MALE,39,1512,PPBM,IZIZAM BIN IBRAHIM (ADI),MALE,46,5601,PEJUANG,SHAHRIL (CAEN),MALE,,152,,,,,,,,,,,WARISAN,KHAW HOCK KONG,MALE,58,81,,,,,,,,,,,INDEPENDENT - BOOK,ZAHIDI BIN ZAINUL ABIDIN,MALE,61,425,,,,,,,,,,,,,,,,,,,
P.001_N.02,PERLIS,P.001,PADANG BESAR,N.02,BESERI,PN - PAS,,12128,1047,73.71,8939,18,108,8813,UMNO,RUZAINI BIN RAIS,MALE,50,2993,PAN,CIKGU MAT SAFAR,MALE,61,1684,PAS,HAZIQ ASYRAF DUN,MALE,31,4040,,,,,,,,,,,,,,,,WARISAN,SHAMIM NORDIN,MALE,27,96,,,,,,,,,,,,,,,,,,,,,,,,,,,,,,,,,,
P.001_N.03,PERLIS,P.001,PADANG BESAR,N.03,CHUPING,PN - PAS,,14248,2420,77.98,11111,13,170,10928,UMNO,ASMAIZA BINTI AHMAD,FEMALE,47,3453,PKR,NATTHAVUTH SENG,MALE,26,1602,PAS,HJ SAAD BIN SEMAN,MALE,63,5873,,,,,,,,,,,,,,,,,,,,,,,,,,,,,,,,,,,,,,,,,,,,,,,,,,,,,,
P.001_N.04,PERLIS,P.001,PADANG BESAR,N.04,MATA AYER,PN - PAS,,9662,2021,80.21,7750,18,121,7611,UMNO,SITI BERENEE,FEMALE,55,2398,PKR,AMRAN BIN KAMARUDIN,MALE,58,794,PAS,WAN BADARIAH BINTI WAN SAAD,FEMALE,46,4419,,,,,,,,,,,,,,,,,,,,,,,,,,,,,,,,,,,,,,,,,,,,,,,,,,,,,,
P.001_N.05,PERLIS,P.001,PADANG BESAR,N.05,SANTAN,PN - PAS,,10751,2108,79.16,8511,13,72,8426,UMNO,AZIZAN SULAIMAN,MALE,56,2644,PAN,CIKGU MAZLINA,FEMALE,59,1030,PAS,USTAZ AZMIR,MALE,42,4752,,,,,,,,,,,,,,,,,,,,,,,,,,,,,,,,,,,,,,,,,,,,,,,,,,,,,,
P.002_N.06,PERLIS,P.002,KANGAR,N.06,BINTONG,PN - PAS,,16366,4329,78.98,12926,33,172,12721,UMNO,AZLAN MAN,MALE,64,2996,PAN,CIKGU AZHARI,MALE,58,2029,PAS,FAKHRUL ANWAR BIN ISMAIL,MALE,51,7325,PEJUANG,SHAZWAN BIN SUBAN,MALE,,157,,,,,,,,,,,WARISAN,MOHAMAD KHAIR BIN MOHD NOOR,MALE,,57,,,,,,,,,,,INDEPENDENT - KEY,DATUK HASHIM SUBOH,MALE,63,157,,,,,,,,,,,,,,,,,,,
P.002_N.07,PERLIS,P.002,KANGAR,N.07,SENA,PN - PPBM,,15870,2200,75.17,11929,21,155,11753,UMNO,SAIFUL DANIEL MOHD YUSOF,MALE,,2619,PKR,ASRUL NIZAN HJ ABD JALIL,MALE,45,3356,PPBM,MARZITA BINTI MANSOR,FEMALE,51,5556,PEJUANG,MOHD FAIZAL BIN YUNUS,MALE,,222,,,,,,,,,,,,,,,,,,,,,,,,,,,,,,,,,,,,,,,,,,,,,,,,,
P.002_N.08,PERLIS,P.002,KANGAR,N.08,INDERA KAYANGAN,PH - PKR,,14465,1873,72.93,10550,16,129,10405,MCA,LIM WENG KHEE,MALE,39,1882,PKR,GAN AY LING,FEMALE,46,4830,PPBM,PRAMOOT A/L PUAN,MALE,52,2957,,,,,,,,,,,,,,,,WARISAN,ATAN BIN JASIN,MALE,,736,,,,,,,,,,,,,,,,,,,,,,,,,,,,,,,,,,
P.002_N.09,PERLIS,P.002,KANGAR,N.09,KUALA PERLIS,PN - PPBM,,14717,154,73.66,10840,12,158,10670,UMNO,KAMARUDIN BIN MALEK,MALE,62,2145,PKR,AZAM KARAP,MALE,37,3053,PPBM,ABU BAKAR BIN HAMZAH,MALE,54,3207,,,,,,,,,,,,,,,,WARISAN,MUHAMAD HAIRI BIN NOORDIN,MALE,,68,,,,,,,,,,,INDEPENDENT - KEY,AZAHAR BIN AHMAD,MALE,,2197,,,,,,,,,,,,,,,,,,,
P.002_N.10,PERLIS,P.002,KANGAR,N.10,KAYANG,PN - PAS,,13441,3261,79.93,10744,22,126,10596,UMNO,HAMIZAN BIN HASSAN,MALE,47,2917,PAN,WAN KHARIZAL,MALE,60,1400,PAS,USTAZ ASRUL AIMRAN,MALE,39,6178,,,,,,,,,,,,,,,,WARISAN,KHAIRUDDIN BIN ABDULLAH,MALE,,101,,,,,,,,,,,,,,,,,,,,,,,,,,,,,,,,,,
P.003_N.11,PERLIS,P.003,ARAU,N.11,PAUH,PN - PPBM,,14797,2229,76.60,11334,20,169,11145,UMNO,SYED ATIF,MALE,,2695,PKR,AZHAR BIN AMEIR,MALE,47,2369,PPBM,CIKGU MEGAT HASHIRAT,MALE,60,4924,,,,,,,,,,,,,,,,WARISAN,MOHD KHALID AHMAD,MALE,68,1157,,,,,,,,,,,,,,,,,,,,,,,,,,,,,,,,,,
P.003_N.12,PERLIS,P.003,ARAU,N.12,TAMBUN TULANG,PN - PPBM,,13451,2485,77.34,10403,15,225,10163,UMNO,ISMAIL BIN KASIM (CHU),MALE,,2971,PKR,SYAHMI SUHAIMI,MALE,23,1554,PPBM,ZIKRI,MALE,35,5456,PEJUANG,MATON BIN DIN,MALE,66,182,,,,,,,,,,,,,,,,,,,,,,,,,,,,,,,,,,,,,,,,,,,,,,,,,
P.003_N.13,PERLIS,P.003,ARAU,N.13,GUAR SANJI,PN - PAS,,11510,5101,80.02,9210,17,140,9053,UMNO,ROZIEANA BINTI AHMAD,FEMALE,53,1616,PKR,HASPARIZAL BIN HASSAN,MALE,43,601,PAS,USTAZ RIDZUAN BIN HASHIM,MALE,36,6717,PEJUANG,ABDUL MALIK BIN ABDULLAH,MALE,,119,,,,,,,,,,,,,,,,,,,,,,,,,,,,,,,,,,,,,,,,,,,,,,,,,
P.003_N.14,PERLIS,P.003,ARAU,N.14,SIMPANG EMPAT,PN - PAS,,10697,4008,77.40,8280,11,154,8115,UMNO,NURULHISHAM,MALE,63,1380,PKR,AMRAN BIN DARUS,MALE,,1111,PAS,HAJI RAZALI SAAD,MALE,57,5388,PEJUANG,IZHAR SUDIN,MALE,,73,,,,,,,,,,,WARISAN,DR. HAKIM SAAD,MALE,,35,,,,,,,,,,,INDEPENDENT - BOOK,AMMAR BIN HASSAN,MALE,59,128,,,,,,,,,,,,,,,,,,,
P.003_N.15,PERLIS,P.003,ARAU,N.15,SANGLANG,PN - PAS,,10421,3335,80.40,8378,14,138,8226,UMNO,BUDIN,MALE,62,1776,PAN,DR. AHMAD FADHZIL MOHAMAD,MALE,37,931,PAS,CIKGU SHUKRI,MALE,61,5111,,,,,,,,,,,,,,,,WARISAN,ZAINUDIN BIN YOM,MALE,59,408,,,,,,,,,,,,,,,,,,,,,,,,,,,,,,,,,,
P.054_N.01,PERAK,P.054,GERIK,N.01,PENGKALAN HULU,PN - PAS,,20157,1324,75.67,15252,36,271,14945,UMNO,HAJI AZNEL B HAJI IBRAHIM,MALE,59,5790,PAN,ABG MAN,MALE,,2041,PAS,AMIN ROSLAN,MALE,31,7114,,,,,,,,,,,,,,,,,,,,,,,,,,,,,,,,,,,,,,,,,,,,,,,,,,,,,,
P.054_N.02,PERAK,P.054,GERIK,N.02,TEMENGOR,BN - UMNO,,27408,1048,73.37,20109,48,424,19637,UMNO,SALBIAH MOHAMED,FEMALE,44,8468,PKR,DR SAFWAN,MALE,37,3749,PAS,MOHD NOOR,MALE,58,7420,,,,,,,,,,,,,,,,,,,,,,,,,,,,,,,,,,,,,,,,,,,,,,,,,,,,,,
P.055_N.03,PERAK,P.055,LENGGONG,N.03,KENERING,PN - PAS,,21596,763,77.23,16679,44,325,16310,UMNO,ROHAIDA BINTI MOHAMAD YAAKUB,FEMALE,,6901,PKR,MOHAMAD JAMEAN,MALE,27,1745,PAS,USTAZ HUSAIRI ARIFFIN,MALE,56,7664,,,,,,,,,,,,,,,,,,,,,,,,,,,,,,,,,,,,,,,,,,,,,,,,,,,,,,
P.055_N.04,PERAK,P.055,LENGGONG,N.04,KOTA TAMPAN,BN - UMNO,,15354,1237,75.01,11517,23,158,11336,UMNO,SAARANI MOHAMAD,MALE,61,5468,PAN,MOHD SABRI BIN ABDUL MANAF,MALE,,1637,PAS,HAJI JAMIL YAHYA,MALE,56,4231,,,,,,,,,,,,,,,,,,,,,,,,,,,,,,,,,,,,,,,,,,,,,,,,,,,,,,
P.056_N.05,PERAK,P.056,LARUT,N.05,SELAMA,PN - PAS,,22339,5358,80.81,18052,27,263,17762,UMNO,CIKGU FAIZUL RIZAL,MALE,55,5000,PAN,RAZALI ISMAIL,MALE,48,2343,PAS,USTAZ AKMAL HJ. KAMARUDIN,MALE,44,10358,,,,,,,,,,,,,,,,,,,,,,,,,,,,,,,INDEPENDENT - KEY,OSMAN BIN SIDEK,MALE,,61,,,,,,,,,,,,,,,,,,,
P.056_N.06,PERAK,P.056,LARUT,N.06,KUBU GAJAH,PN - PAS,,21358,4322,79.61,17003,42,280,16681,UMNO,CIKGU MAN,MALE,,5546,PAN,RUSLI BAKAR,MALE,,1188,PAS,KHALIL BIN YAHAYA,MALE,43,9868,PEJUANG,FUADDIN BIN KAMARUDDIN,MALE,70,79,,,,,,,,,,,,,,,,,,,,,,,,,,,,,,,,,,,,,,,,,,,,,,,,,
P.056_N.07,PERAK,P.056,LARUT,N.07,BATU KURAU,PN - PPBM,,22022,3218,80.32,17689,61,248,17380,UMNO,MAKLONG LIZA,FEMALE,,5588,PKR,MUHAMAD AIMAN AIZUDDIN BIN MD HUSIN,MALE,33,2669,PPBM,KAPT (B) DATO NAJMUDDIN,MALE,,8806,PEJUANG,CIKGU ZULKIFLI,MALE,,317,,,,,,,,,,,,,,,,,,,,,,,,,,,,,,,,,,,,,,,,,,,,,,,,,
P.057_N.08,PERAK,P.057,PARIT BUNTAR,N.08,TITI SERONG,PN - PAS,,35900,5274,80.01,28724,57,314,28353,UMNO,PENGHULU SHAHRUL,MALE,53,6497,PAN,MUHAMAD NAKHAIE ABD WAHAB,MALE,36,8291,PAS,USTAZ HAKIMI,MALE,,13565,,,,,,,,,,,,,,,,,,,,,,,,,,,,,,,,,,,,,,,,,,,,,,,,,,,,,,
P.057_N.09,PERAK,P.057,PARIT BUNTAR,N.09,KUALA KURAU,PN - PPBM,,32602,1347,76.29,24872,50,259,24563,UMNO,CIKGU JAMIL,MALE,57,5292,PKR,CIKGU ANUAR,MALE,46,8962,PPBM,DATO' YUNUS JAMHARI,MALE,50,10309,,,,,,,,,,,,,,,,,,,,,,,,,,,,,,,,,,,,,,,,,,,,,,,,,,,,,,
P.058_N.10,PERAK,P.058,BAGAN SERAI,N.10,ALOR PONGSU,PN - PPBM,,28656,4015,78.80,22582,12,337,22233,UMNO,DATO' HJ. SHAM MAT SAHAT,MALE,61,6607,PKR,HJ KHAIRUL,MALE,50,5004,PPBM,HAJI NOOR AZMAN BIN GHAZALI,MALE,,10622,,,,,,,,,,,,,,,,,,,,,,,,,,,,,,,,,,,,,,,,,,,,,,,,,,,,,,
P.058_N.11,PERAK,P.058,BAGAN SERAI,N.11,GUNONG SEMANGGOL,PN - PAS,,27396,7466,80.22,21978,32,315,21631,UMNO,NAZIRUL BIN JAMALUDDIN,MALE,39,5359,PAN,SHEIKH KHUZAIFAH,MALE,,3447,PAS,HAJI RAZMAN BIN ZAKARIA,MALE,62,12825,,,,,,,,,,,,,,,,,,,,,,,,,,,,,,,,,,,,,,,,,,,,,,,,,,,,,,
P.058_N.12,PERAK,P.058,BAGAN SERAI,N.12,SELINSING,PN - PPBM,,24241,3279,78.21,18959,27,228,18704,UMNO,CIKGU MOHAMAD NOOR,MALE,57,5414,PAN,USTAZ SAQIF ANSORULLAH,MALE,26,4597,PPBM,USTAZ SALLEHUDDIN,MALE,,8693,,,,,,,,,,,,,,,,,,,,,,,,,,,,,,,,,,,,,,,,,,,,,,,,,,,,,,
P.059_N.13,PERAK,P.059,BUKIT GANTANG,N.13,KUALA SEPETANG,PN - PPBM,,40222,3580,77.01,30973,50,486,30437,UMNO,MOHD KAMARUDDIN BIN ABU BAKAR,MALE,56,8687,PKR,DATO ZAINAL AZMAN BIN ABU SEMAN,MALE,60,9002,PPBM,CIKGU MAD,MALE,,12582,PEJUANG,ZAZA,FEMALE,,166,,,,,,,,,,,,,,,,,,,,,,,,,,,,,,,,,,,,,,,,,,,,,,,,,
P.059_N.14,PERAK,P.059,BUKIT GANTANG,N.14,CHANGKAT JERING,PN - PAS,,37003,3151,77.30,28604,71,385,28148,UMNO,AHMAD SAIDI,MALE,38,8639,PAN,IR. HAJI MEGAT SHARIFFUDIN,MALE,56,7511,PAS,HAJI RAHIM ISMAIL,MALE,59,11790,PEJUANG,MEJAR (B) NAZAR BIN TALIB,MALE,,208,,,,,,,,,,,,,,,,,,,,,,,,,,,,,,,,,,,,,,,,,,,,,,,,,
P.059_N.15,PERAK,P.059,BUKIT GANTANG,N.15,TRONG,PN - PAS,,17028,616,77.29,13161,13,191,12957,UMNO,CIKGU JAMILAH BT ZAKARIA,FEMALE,42,5055,PKR,JUNAIDA JAMALUDIN,FEMALE,54,2119,PAS,USTAZ FAISAL BIN ABDUL RAHMAN,MALE,43,5671,PEJUANG,MUSTAFAA KAMAL,MALE,,112,,,,,,,,,,,,,,,,,,,,,,,,,,,,,,,,,,,,,,,,,,,,,,,,,
P.060_N.16,PERAK,P.060,TAIPING,N.16,KAMUNTING,PN - PAS,,39850,3100,75.39,30042,86,292,29664,UMNO,AHMAD SHALIMIN,MALE,53,6674,PAN,DR. FADHIL,MALE,63,9945,PAS,USTAZ FAKHRUDIN,MALE,,13045,,,,,,,,,,,,,,,,,,,,,,,,,,,,,,,,,,,,,,,,,,,,,,,,,,,,,,
P.060_N.17,PERAK,P.060,TAIPING,N.17,POKOK ASSAM,PH - DAP,,36513,12180,68.75,25101,76,196,24829,MCA,ANG SUI ENG,FEMALE,53,2660,DAP,ONG SENG GUAN,MALE,,16726,PPBM,HAJI JUHARI,MALE,65,4546,,,,,,,,,,,,,,,,,,,,,,,,,,,,,,,INDEPENDENT - SPECTACLES,LEOW THYE YIH,MALE,55,786,INDEPENDENT - TABLE,MOHD YUSOFF BIN ABDULL HAMID,MALE,,111,,,,,,,,,,,,,,
P.060_N.18,PERAK,P.060,TAIPING,N.18,AULONG,PH - DAP,,45203,14857,68.61,31015,86,264,30665,MIC,CIKGU SHANMUGANELLOO,MALE,53,3756,DAP,TEH KOK LIM,MALE,52,20306,GERAKAN,KOAY BOON HUI,MALE,,5449,,,,,,,,,,,,,,,,,,,,,,,,,,,,,,,INDEPENDENT - RING,LEE SENG YAP,MALE,,739,INDEPENDENT - CHAIR,ABU BAKAR BIN ABDUL RAHMAN,MALE,45,415,,,,,,,,,,,,,,
P.061_N.19,PERAK,P.061,PADANG RENGAS,N.19,CHENDEROH,PN - PPBM,,17782,75,77.11,13712,27,141,13544,UMNO,KHAIRUDDIN BIN MOHAMED AZAHARI,MALE,,5267,PKR,MOHD KHAIROL IWAN,MALE,37,2803,PPBM,SYED LUKMAN HAKIM,MALE,25,5342,PEJUANG,AHMAD RODZI ABDUL RAHIM,MALE,,132,,,,,,,,,,,,,,,,,,,,,,,,,,,,,,,,,,,,,,,,,,,,,,,,,
P.061_N.20,PERAK,P.061,PADANG RENGAS,N.20,LUBOK MERBAU,PN - PAS,,20904,2955,79.43,16604,36,199,16369,UMNO,MOHAMAD AZIR BIN ISMAIL,MALE,,4767,PAN,CIKGU ZAITON,FEMALE,59,3880,PAS,USTAZ AZIZI,MALE,33,7722,,,,,,,,,,,,,,,,,,,,,,,,,,,,,,,,,,,,,,,,,,,,,,,,,,,,,,
P.062_N.21,PERAK,P.062,SUNGAI SIPUT,N.21,LINTANG,BN - UMNO,,33107,5280,76.52,25334,34,469,24831,UMNO,DATO HJ. MOHD ZOLKAFLY HJ. HARUN,MALE,,12025,PKR,ZAIM SIDQI,MALE,31,6061,PPBM,AHMAD DASLIE BIN OSMAN,MALE,,6745,,,,,,,,,,,,,,,,,,,,,,,,,,,,,,,,,,,,,,,,,,,,,,,,,,,,,,
P.062_N.22,PERAK,P.062,SUNGAI SIPUT,N.22,JALONG,PH - DAP,,39288,8713,69.72,27391,46,338,27007,MCA,PAN CHEAN CHANG,MALE,38,7242,DAP,LOH SZE YEE,MALE,47,15955,GERAKAN,DATO NARAN SINGH,MALE,,3043,,,,,,,,,,,,,,,,,,,,,,,,,,,,,,,INDEPENDENT - KEY,INDRANI,FEMALE,50,767,,,,,,,,,,,,,,,,,,,
P.063_N.23,PERAK,P.063,TAMBUN,N.23,MANJOI,PN - PAS,,86266,6768,79.49,68572,178,759,67635,UMNO,AZIZUL KAMA ABD AZIZ,MALE,55,14699,PAN,ASMUNI AWI,MALE,60,23084,PAS,USTAZ HAFEZ SABRI,MALE,36,29852,,,,,,,,,,,,,,,,,,,,,,,,,,,,,,,,,,,,,,,,,,,,,,,,,,,,,,
P.063_N.24,PERAK,P.063,TAMBUN,N.24,HULU KINTA,PH - PKR,,74292,4163,77.98,57934,139,857,56938,UMNO,DATUK MAZLAN BIN ABD RAHMAN,MALE,,16224,PKR,MUHAMAD ARAFAT,MALE,38,22220,PPBM,PUTERI HOLIJAH,FEMALE,,18057,,,,,,,,,,,,,,,,,,,,,,,,,,,,,,,INDEPENDENT - ELEPHANT,MURUGIAH SUBRAMANIAM,MALE,,437,,,,,,,,,,,,,,,,,,,
P.064_N.25,PERAK,P.064,IPOH TIMOR,N.25,CANNING,PH - DAP,,41021,20734,63.86,26197,148,187,25862,MCA,WOO KOK TOONG,MALE,31,1793,DAP,JENNY CHOY TSI JEN,FEMALE,34,22527,GERAKAN,PANG BOON YANG,MALE,25,1542,,,,,,,,,,,,,,,,,,,,,,,,,,,,,,,,,,,,,,,,,,,,,,,,,,,,,,
P.064_N.26,PERAK,P.064,IPOH TIMOR,N.26,TEBING TINGGI,PH - DAP,,37223,660,75.72,28186,123,252,27811,MCA,TONY KHOO BOON CHUAN,MALE,53,5705,DAP,AZIZ BARI,MALE,63,11286,PPBM,ISKANDAR CIKGU RAHMAN,MALE,,10626,PEJUANG,MIOR HAIDIR,MALE,,194,,,,,,,,,,,,,,,,,,,,,,,,,,,,,,,,,,,,,,,,,,,,,,,,,
P.064_N.27,PERAK,P.064,IPOH TIMOR,N.27,PASIR PINJI,PH - DAP,,39934,22169,66.27,26465,82,195,26188,MCA,SOO POH YEOW,MALE,44,1523,DAP,GOH SEE HUA,MALE,,23692,GERAKAN,LAM KIN YIP,MALE,45,973,,,,,,,,,,,,,,,,,,,,,,,,,,,,,,,,,,,,,,,,,,,,,,,,,,,,,,
P.065_N.28,PERAK,P.065,IPOH BARAT,N.28,BERCHAM,PH - DAP,,52750,26114,69.74,36786,87,270,36429,MCA,ALBERT HO,MALE,55,3482,DAP,ONG BOON PIOW,MALE,43,29596,GERAKAN,LIM JIN SHENG,MALE,,3351,,,,,,,,,,,,,,,,,,,,,,,,,,,,,,,,,,,,,,,,,,,,,,,,,,,,,,
P.065_N.29,PERAK,P.065,IPOH BARAT,N.29,KEPAYANG,PH - DAP,,25190,9491,66.32,16707,32,177,16498,MCA,LIM HUEY SHAN,MALE,47,2035,DAP,NGA KOR MING,MALE,50,11977,PPBM,DR. RICHARD NG,MALE,,2486,,,,,,,,,,,,,,,,,,,,,,,,,,,,,,,,,,,,,,,,,,,,,,,,,,,,,,
P.065_N.30,PERAK,P.065,IPOH BARAT,N.30,BUNTONG,PH - DAP,,36714,19155,70.33,25822,62,277,25483,MIC,S. JAYAGOPI,MALE,66,2257,DAP,THULSI MANOGARAN,FEMALE,34,21412,PPBM,SIVASUBRAMANIAM,MALE,,1437,,,,,,,,,,,,,,,,,,,,,,,,,,,,,,,INDEPENDENT - CLOCK,SEBASTIAR,MALE,,237,INDEPENDENT - TREE,MUHAMMAD FAIZ ABDULLAH,MALE,,140,,,,,,,,,,,,,,
P.066_N.31,PERAK,P.066,BATU GAJAH,N.31,JELAPANG,PH - DAP,,35088,20111,70.08,24590,80,214,24296,MMSP,HAMIDAH BINTI MUHAMAD,FEMALE,46,1443,DAP,CHEAH POU HIAN,MALE,,21554,PAS,NAVINTEN A/L SUNDARAJAN,MALE,31,1299,,,,,,,,,,,,,,,,,,,,,,,,,,,,,,,,,,,,,,,,,,,,,,,,,,,,,,
P.066_N.32,PERAK,P.066,BATU GAJAH,N.32,MENGLEMBU,PH - DAP,,38689,21191,67.94,26284,40,229,26015,MCA,PHOON KAI MUN,MALE,36,1684,DAP,CHAW KAM FOON,MALE,39,22875,PPBM,WONG KEAN RONG,MALE,,1456,,,,,,,,,,,,,,,,,,,,,,,,,,,,,,,,,,,,,,,,,,,,,,,,,,,,,,
P.066_N.33,PERAK,P.066,BATU GAJAH,N.33,TRONOH,PH - DAP,,38119,11372,65.75,25063,60,373,24630,MCA,LEONG CHEE WAI,MALE,48,3351,DAP,STEVEN TIW,MALE,29,15602,GERAKAN,SIN KOON YEN,FEMALE,,4230,PEJUANG,ROSLAN BIN ISMAIL,MALE,,478,,,,,,,,,,,,,,,,PBM,BRYAN YONG WU SEAN,MALE,25,710,,,,,,INDEPENDENT - CAR,MEOR SHAHIMUDIN BIN HJ HASIM,MALE,,259,,,,,,,,,,,,,,,,,,,
P.067_N.34,PERAK,P.067,KUALA KANGSAR,N.34,BUKIT CHANDAN,PN - PPBM,,22194,1164,77.91,17291,36,211,17044,UMNO,AZIZUL RAHIM,MALE,,5386,PKR,AMIR SABRI,MALE,33,5108,PPBM,DR. HASHIM BIN BUJANG,MALE,,6550,,,,,,,,,,,,,,,,,,,,,,,,,,,,,,,,,,,,,,,,,,,,,,,,,,,,,,
P.067_N.35,PERAK,P.067,KUALA KANGSAR,N.35,MANONG,PN - PAS,,24791,2912,76.40,18941,42,234,18665,UMNO,MUSTAFA SHAH,MALE,44,5308,PAN,JAMSARI MAHAMOOD,MALE,,5137,PAS,BERHANUDIN AHMAD,MALE,55,8220,,,,,,,,,,,,,,,,,,,,,,,,,,,,,,,,,,,,,,,,,,,,,,,,,,,,,,
P.068_N.36,PERAK,P.068,BERUAS,N.36,PENGKALAN BAHARU,BN - UMNO,,22573,1076,74.04,16713,36,253,16424,UMNO,CIKGU MAN,MALE,55,6665,PKR,JAIS ASHFAQ,MALE,48,4045,PPBM,AHMAD FAISAL BIN HAJI MANSOR,MALE,50,5589,PEJUANG,CIKGU HALIM,MALE,,125,,,,,,,,,,,,,,,,,,,,,,,,,,,,,,,,,,,,,,,,,,,,,,,,,
P.068_N.37,PERAK,P.068,BERUAS,N.37,PANTAI REMIS,PH - DAP,,44432,16432,65.96,29308,52,408,28848,MCA,ALBERT LOOI,MALE,56,4408,DAP,WONG MAY ING,FEMALE,43,20840,GERAKAN,EEE CHIN OON,MALE,,3600,,,,,,,,,,,,,,,,,,,,,,,,,,,,,,,,,,,,,,,,,,,,,,,,,,,,,,
P.068_N.38,PERAK,P.068,BERUAS,N.38,ASTAKA,PH - DAP,,41244,17835,66.59,27463,93,337,27033,MCA,DR CHIENG LEE CHONG,MALE,55,3293,DAP,JASON NG THIEN YEONG,MALE,,21128,GERAKAN,AH YONG ( IAN ),MALE,,2612,,,,,,,,,,,,,,,,,,,,,,,,,,,,,,,,,,,,,,,,,,,,,,,,,,,,,,
P.069_N.39,PERAK,P.069,PARIT,N.39,BELANJA,BN - UMNO,,17767,1223,77.78,13820,40,228,13552,UMNO,CIKGU DIN,MALE,50,6374,PAN,HISHAMUDDIN ABDULLAH,MALE,,1881,PPBM,MEOR NAQIUDDIN,MALE,27,5151,PEJUANG,USTAZ SHAHARUZZAMAN,MALE,,146,,,,,,,,,,,,,,,,,,,,,,,,,,,,,,,,,,,,,,,,,,,,,,,,,
P.069_N.40,PERAK,P.069,PARIT,N.40,BOTA,PN - PAS,,30148,1963,80.78,24353,60,350,23943,UMNO,KHAIRUL SHAHRIL BIN MOHAMED,MALE,49,9312,PKR,KAPT. HJ. USAILI BIN ALIAS (B),MALE,70,3138,PAS,DR.NAJIHA,FEMALE,56,11275,PEJUANG,SHAHRIL HARAHAB,MALE,,218,,,,,,,,,,,,,,,,,,,,,,,,,,,,,,,,,,,,,,,,,,,,,,,,,
P.070_N.41,PERAK,P.070,KAMPAR,N.41,MALIM NAWAR,PH - DAP,,29701,7259,63.58,18885,59,208,18618,MCA,IR. CHIN WOON KHEONG,MALE,37,3646,DAP,SHASHA,FEMALE,,10905,PPBM,SHERRY SYED,FEMALE,,3383,,,,,,,,,,,,,,,,WARISAN,LEONG CHEOK KENG,MALE,,684,,,,,,,,,,,,,,,,,,,,,,,,,,,,,,,,,,
P.070_N.42,PERAK,P.070,KAMPAR,N.42,KERANJI,PH - DAP,,28248,8749,63.19,17850,39,245,17566,MCA,NG WAH LENG,FEMALE,66,3452,DAP,ANGELINE KOO HAAI YEN,FEMALE,,12201,GERAKAN,FOONG KAR SING,MALE,,1803,,,,,,,,,,,,,,,,WARISAN,PUAH CHEE HAUR,MALE,,110,,,,,,,,,,,,,,,,,,,,,,,,,,,,,,,,,,
P.070_N.43,PERAK,P.070,KAMPAR,N.43,TUALANG SEKAH,PH - PKR,,31945,253,74.08,23666,56,289,23321,UMNO,DATUK ABD RAHMAN,MALE,70,7524,PKR,AZLAN HELMI,MALE,42,8025,PPBM,PAZLI ABDULLAH SANI,MALE,,7772,,,,,,,,,,,,,,,,,,,,,,,,,,,,,,,,,,,,,,,,,,,,,,,,,,,,,,
P.071_N.44,PERAK,P.071,GOPENG,N.44,SUNGAI RAPAT,PH - PAN,,47931,3494,76.14,36497,13,542,35942,UMNO,DATUK HANG TUAH DIN,MALE,55,9152,PAN,DATO SERI NIZAR,MALE,65,15065,PPBM,MAHADER AYOB,MALE,66,11571,,,,,,,,,,,,,,,,WARISAN,ROSHANITA BINTI MOHAMAD BASIR,FEMALE,,154,,,,,,,,,,,,,,,,,,,,,,,,,,,,,,,,,,
P.071_N.45,PERAK,P.071,GOPENG,N.45,SIMPANG PULAI,PH - PKR,,62756,23273,71.56,44908,46,517,44345,MCA,IR. DR. WAYNE LEE,MALE,42,5956,PKR,WONG CHAI YI,FEMALE,38,30676,PPBM,K.SELVAM,MALE,,7403,,,,,,,,,,,,,,,,WARISAN,HOOI MI SUET,FEMALE,29,310,,,,,,,,,,,,,,,,,,,,,,,,,,,,,,,,,,
P.071_N.46,PERAK,P.071,GOPENG,N.46,TEJA,PH - PKR,,32970,4555,71.57,23595,29,309,23257,MCA,LIEW YEE LIN,FEMALE,50,6259,PKR,SANDREA NG,FEMALE,40,10814,PPBM,AHMAD ISHAK,MALE,64,5794,PEJUANG,ASWANNUDIN BIN HARIFFUDIN,MALE,,214,,,,,,,,,,,WARISAN,LOW LEONG SIN,MALE,,176,,,,,,,,,,,,,,,,,,,,,,,,,,,,,,,,,,
P.072_N.47,PERAK,P.072,TAPAH,N.47,CHENDERIANG,BN - MCA,,30006,2251,72.09,21631,38,505,21088,MCA,CHOONG SHIN HENG,MALE,41,8406,PKR,ATYRAH HANIM,FEMALE,30,6155,PPBM,MEJAR BERSEKUTU (PA) MHOD YUNUS BIN MHD YUSOP,MALE,43,4862,PEJUANG,MOHD. AMIN BIN MAN,MALE,,134,,,,,,,,,,,WARISAN,AHMAD TARMIZI BIN MOHD GHAZALI,MALE,,93,,,,,,,,,,,INDEPENDENT - HOUSE,TERATAI A/P BAH AROM (ASLI SEMAI),FEMALE,42,1070,INDEPENDENT - TREE,ATAN KATERING,MALE,38,368,,,,,,,,,,,,,,
P.072_N.48,PERAK,P.072,TAPAH,N.48,AYER KUNING,BN - UMNO,,31940,2213,74.85,23906,46,394,23466,UMNO,HAJI ISHSAM HAJI SHAHRUDDIN,MALE,56,9088,PAN,MEJ (DR) MOHD NAZRI HASHIM (B),MALE,50,6875,PAS,USTAZ FARID,MALE,33,6812,PEJUANG,MAZIAH BINTI SALIM,FEMALE,,105,,,,,,,,,,,,,,,,PSM,BAWANI KS,FEMALE,,586,,,,,,,,,,,,,,,,,,,,,,,,,,,,,
P.073_N.49,PERAK,P.073,PASIR SALAK,N.49,SUNGAI MANIK,PN - PPBM,,35520,3950,75.95,26979,106,449,26424,UMNO,DATO HJ. IBRAHIM BIN KATOP,MALE,65,7154,PKR,CIKGU MAHA,MALE,54,7660,PPBM,ZAINOL FADZI PAHARUDIN,MALE,56,11610,,,,,,,,,,,,,,,,,,,,,,,,,,,,,,,,,,,,,,,,,,,,,,,,,,,,,,
P.073_N.50,PERAK,P.073,PASIR SALAK,N.50,KAMPONG GAJAH,PN - PAS,,39241,3757,79.61,31238,141,463,30634,UMNO,DATUK DR WAN NORASHIKIN BINTI WAN NOORDIN,FEMALE,49,11877,PAN,MOHD SYAMSUL BIN ALAUDDIN,MALE,37,2824,PAS,ZAFARULAZHAN BIN ZAN,MALE,48,15634,PEJUANG,MOHD SAFIAN SAURI BIN PANDAK ABD SAMAD,MALE,,299,,,,,,,,,,,,,,,,,,,,,,,,,,,,,,,,,,,,,,,,,,,,,,,,,
P.074_N.51,PERAK,P.074,LUMUT,N.51,PASIR PANJANG,PN - PAS,,62418,5117,80.03,49951,363,427,49161,UMNO,HJ. MOHD RAFIQ BIN MOHD,MALE,37,13301,PAN,CIKGU YAHAYA,MALE,,15065,PAS,HAJI ROSLI ABD RAHMAN,MALE,60,20182,PEJUANG,DATO' MOHD NORAZLEE BIN MOHD,MALE,,339,,,,,,,,,,,WARISAN,NUR INDERASYAWALIS BIN AHMAD MUKHTAR,MALE,,274,,,,,,,,,,,,,,,,,,,,,,,,,,,,,,,,,,
P.074_N.52,PERAK,P.074,LUMUT,N.52,PANGKOR,PN - PPBM,,30554,1011,74.37,22722,302,412,22008,UMNO,DATO NORZAMAN,MALE,60,7496,PKR,CIKGU RAZAK @ CR,MALE,,5654,PPBM,NORHASLINDA ZAKARIA,FEMALE,47,8507,PEJUANG,MOHD AZLAN BIN SUHAIMI,MALE,,181,,,,,,,,,,,WARISAN,YAHAYA BIN AHMAD,MALE,,170,,,,,,,,,,,,,,,,,,,,,,,,,,,,,,,,,,
P.075_N.53,PERAK,P.075,BAGAN DATUK,N.53,RUNGKUP,BN - UMNO,,19670,3409,73.43,14443,22,247,14174,UMNO,DATO' SHAHRUL,MALE,55,7023,PAN,MUNZIRIE KABIR,MALE,,3614,PAS,CIKGU MUKRI,MALE,63,3537,,,,,,,,,,,,,,,,,,,,,,,,,,,,,,,,,,,,,,,,,,,,,,,,,,,,,,
P.075_N.54,PERAK,P.075,BAGAN DATUK,N.54,HUTAN MELINTANG,PH - PKR,,38513,1130,73.36,28252,73,485,27694,UMNO,KHAIRUDDIN BIN TARMIZI,MALE,58,10794,PKR,WASANTHEE A/P SINNASAMY,FEMALE,55,11924,PPBM,KHAIRUN NIZAM BIN MARSOM,MALE,,4976,,,,,,,,,,,,,,,,,,,,,,,,,,,,,,,,,,,,,,,,,,,,,,,,,,,,,,
P.076_N.55,PERAK,P.076,TELUK INTAN,N.55,PASIR BEDAMAR,PH - DAP,,39117,17446,71.14,27828,77,272,27479,MCA,KONG SUN CHIN,MALE,60,3615,DAP,WOO KAH LEONG,MALE,,21061,PAS,S.SURIA,MALE,58,2803,,,,,,,,,,,,,,,,,,,,,,,,,,,,,,,,,,,,,,,,,,,,,,,,,,,,,,
P.076_N.56,PERAK,P.076,TELUK INTAN,N.56,CHANGKAT JONG,PN - PPBM,,48105,1087,77.56,37309,116,460,36733,UMNO,MOHD AZHAR BIN JAMALUDDIN,MALE,55,11044,DAP,BADRUL HISHAM BIN BADARUDIN,MALE,,12145,PPBM,HJ. NADZIRUDDIN BIN HJ. MOHAMED BANDI,MALE,,13232,PEJUANG,MUHAMMAD AMIRUL MAHFUZ,MALE,,312,,,,,,,,,,,,,,,,,,,,,,,,,,,,,,,,,,,,,,,,,,,,,,,,,
P.077_N.57,PERAK,P.077,TANJONG MALIM,N.57,SUNGKAI,PH - DAP,,23375,5238,70.60,16502,36,274,16192,MIC,DATO' ELANGO,MALE,57,4311,DAP,A. SIVANESAN,MALE,,9549,PAS,THILAK RAJ A/L GUNASEKARAN,MALE,33,1744,,,,,,,,,,,,,,,,,,,,,,,,,,,,,,,INDEPENDENT - DONKEY,CIKGU MAHHADEE,MALE,,588,,,,,,,,,,,,,,,,,,,
P.077_N.58,PERAK,P.077,TANJONG MALIM,N.58,SLIM,PN - PAS,,30581,416,78.03,23861,43,272,23546,UMNO,ZAIDI AZIZ,MALE,45,8737,PKR,MOHD SYAHID BIN MOHD ZAINI,MALE,23,5455,PAS,USTAZ ZULFADLI ZAINAL,MALE,38,9153,PEJUANG,USTAZ MEOR AZIM,MALE,32,201,,,,,,,,,,,,,,,,,,,,,,,,,,,,,,,,,,,,,,,,,,,,,,,,,
P.077_N.59,PERAK,P.077,TANJONG MALIM,N.59,BEHRANG,BN - UMNO,,39917,202,76.56,30562,47,486,30029,UMNO,SALINA SAMSUDIN,FEMALE,51,10337,PAN,KHAIROL NAJIB,MALE,30,10135,PPBM,MOHD AMRAN BIN IBRAHIM,MALE,50,9240,PEJUANG,HAZVEE BIN HAFIZ,MALE,,317,,,,,,,,,,,,,,,,,,,,,,,,,,,,,,,,,,,,,,,,,,,,,,,,,
P.078_N.01,PAHANG,P.078,CAMERON HIGHLANDS,N.01,TANAH RATA,PH - DAP,,26838,2484,70.99,19052,33,438,18581,MCA,WONG YAP WAH,MALE,38,7372,DAP,HO CHI YANG,MALE,27,9856,GERAKAN,LAI CHII,MALE,,1353,,,,,,,,,,,,,,,,,,,,,,,,,,,,,,,,,,,,,,,,,,,,,,,,,,,,,,
P.078_N.02,PAHANG,P.078,CAMERON HIGHLANDS,N.02,JELAI,BN - UMNO,,19182,6940,78.91,15137,38,485,14614,UMNO,DATO' SRI WAN ROSDY BIN WAN ISMAIL,MALE,64,10058,PKR,ISMAIL BIN MOHD HUSSIN,MALE,51,1438,PPBM,DR. ABDUL RASID,MALE,,3118,,,,,,,,,,,,,,,,,,,,,,,,,,,,,,,,,,,,,,,,,,,,,,,,,,,,,,
P.079_N.03,PAHANG,P.079,LIPIS,N.03,PADANG TENGKU,BN - UMNO,,19407,507,79.85,15497,47,182,15268,UMNO,MUSTAPA LONG,MALE,61,7198,PAN,RUZI @ NATA BIN YUSUFF,MALE,54,1203,PAS,KHAIDER KAMIL,MALE,,6691,PEJUANG,MOHD ROSTAM BIN MUSTAPHA,MALE,,176,,,,,,,,,,,,,,,,,,,,,,,,,,,,,,,,,,,,,,,,,,,,,,,,,
P.079_N.04,PAHANG,P.079,LIPIS,N.04,CHEKA,PN - PAS,,16822,1223,74.69,12565,41,143,12381,MCA,HO FONG MEE,MALE,58,4411,PKR,RASID BIN MUHAMAD,MALE,63,2255,PAS,TUAN IBRAHIM,MALE,62,5634,PEJUANG,AISHATON BINTI ABU BAKAR,FEMALE,,81,,,,,,,,,,,,,,,,,,,,,,,,,,,,,,,,,,,,,,,,,,,,,,,,,
P.079_N.05,PAHANG,P.079,LIPIS,N.05,BENTA,BN - UMNO,,10895,1521,76.01,8281,18,74,8189,UMNO,DATO SRI SOFFI TAN SRI RAZAK,MALE,66,3948,PKR,RIZAL BIN JAMIN,MALE,49,2427,PPBM,CIKGU EMBONG LIAS,MALE,,1814,,,,,,,,,,,,,,,,,,,,,,,,,,,,,,,,,,,,,,,,,,,,,,,,,,,,,,
P.080_N.06,PAHANG,P.080,RAUB,N.06,BATU TALAM,BN - UMNO,,19683,2869,78.10,15373,32,257,15084,UMNO,ABD AZIZ BIN MAT KIRAM,MALE,62,7992,PKR,SHAHUDDIN BIN ABDUL RAHMAN,MALE,64,1969,PPBM,AHMAD SABRI BIN MAT DUI,MALE,33,5123,,,,,,,,,,,,,,,,,,,,,,,,,,,,,,,,,,,,,,,,,,,,,,,,,,,,,,
P.080_N.07,PAHANG,P.080,RAUB,N.07,TRAS,PH - DAP,,38329,11397,73.05,28000,57,257,27686,MCA,LIM TECK HOE,MALE,46,5858,DAP,TENGKU ZULPURI SHAH BIN RAJA PUJI,MALE,58,17255,GERAKAN,AMIRUL KUEK,MALE,,4233,PEJUANG,USTAZ TAHIR,MALE,,340,,,,,,,,,,,,,,,,,,,,,,,,,,,,,,,,,,,,,,,,,,,,,,,,,
P.080_N.08,PAHANG,P.080,RAUB,N.08,DONG,BN - UMNO,,17052,1046,80.49,13725,33,145,13547,UMNO,FADZLI BIN MOHAMAD KAMAL,MALE,42,6142,PAN,MOHD JAWAAD,MALE,37,2309,PAS,TENGKU AMIR,MALE,,5096,,,,,,,,,,,,,,,,,,,,,,,,,,,,,,,,,,,,,,,,,,,,,,,,,,,,,,
P.081_N.09,PAHANG,P.081,JERANTUT,N.09,TAHAN,PN - PAS,,20895,2014,79.30,16569,38,267,16264,UMNO,FAEZAH ISHAK,FEMALE,35,6763,PAN,TALIB TAHAR,MALE,59,724,PAS,USTAZ ZAKUAN,MALE,,8777,,,,,,,,,,,,,,,,,,,,,,,,,,,,,,,,,,,,,,,,,,,,,,,,,,,,,,
P.081_N.10,PAHANG,P.081,JERANTUT,N.10,DAMAK,PN - PAS,,34967,2296,76.09,26606,81,318,26207,UMNO,FASAL JAMLUS,MALE,,6655,PKR,MOHAMAD RAFLY BIN MOHD SATAR,MALE,61,8587,PAS,ZURIDAN BIN MOHD DAUD,MALE,51,10883,,,,,,,,,,,,,,,,,,,,,,,,,,,,,,,INDEPENDENT - CLOCK,IZZUDDIN BIN ISMAIL,MALE,,82,,,,,,,,,,,,,,,,,,,
P.081_N.11,PAHANG,P.081,JERANTUT,N.11,PULAU TAWAR,PN - PAS,,31189,3403,78.87,24599,64,296,24239,UMNO,DATO' HJ. NAZRI BIN NGAH,MALE,64,9552,PAN,NORANI IJAM,MALE,53,1129,PAS,USTAZ YOHANIS,MALE,,12955,PEJUANG,MOHD ROSIDI BIN HASSAN,MALE,,50,,,,,,,,,,,,,,,,,,,,,,,,,,INDEPENDENT - ELEPHANT,DATO' RIDZUAN BIN MANSOR,MALE,48,553,,,,,,,,,,,,,,,,,,,
P.082_N.12,PAHANG,P.082,INDERA MAHKOTA,N.12,BESERAH,PN - PAS,,59370,11521,78.61,46669,185,405,46079,UMNO,DATO' INDERA HAJI MUSTAFFAR KAMAL BIN HAJI AB HAMID,MALE,68,9346,PAN,HAJI ZULKIFLI MOHAMED,MALE,49,12346,PAS,ANDANSURA RABU,MALE,,23867,PEJUANG,CIKGU MOHD PAUZI,MALE,,394,,,,,,,,,,,,,,,,,,,,,,,,,,INDEPENDENT - KEY,JOSEPH TANG,MALE,45,126,,,,,,,,,,,,,,,,,,,
P.082_N.13,PAHANG,P.082,INDERA MAHKOTA,N.13,SEMAMBU,PH - PKR,,61179,1804,78.01,47723,76,405,47242,UMNO,HAJI KHAIRUL HISHAM B. OMAR,MALE,,10422,PKR,CHAN CHUN KUANG,MALE,30,18902,PAS,ZULFADLI ZAKARIAH,MALE,,17098,BERJASA,DR RASHIDAH BINTI ABDUL RAHMAN,FEMALE,,820,,,,,,,,,,,,,,,,,,,,,,,,,,,,,,,,,,,,,,,,,,,,,,,,,
P.083_N.14,PAHANG,P.083,KUANTAN,N.14,TERUNTUM,PH - PKR,,30854,8679,72.53,22377,51,183,22143,MCA,MISTY@TEE CHOON SER,FEMALE,41,4304,PKR,SIM CHON SIANG,MALE,56,12983,GERAKAN,RANNDY YAP,MALE,,3676,PEJUANG,KHAIRUL AFIFIE BIN ABDULLAH,MALE,,1180,,,,,,,,,,,,,,,,,,,,,,,,,,,,,,,,,,,,,,,,,,,,,,,,,
P.083_N.15,PAHANG,P.083,KUANTAN,N.15,TANJUNG LUMPUR,PN - PAS,,38185,8989,80.48,30730,52,306,30372,UMNO,NARA NORDIN,MALE,,7710,PAN,HAJAH SABRINA,FEMALE,56,5796,PAS,USTAZ ROSLI ABDUL JABAR,MALE,,16699,PEJUANG,AB 'ALIM BIN RUSLAM AHMAD,MALE,,167,,,,,,,,,,,,,,,,,,,,,,,,,,,,,,,,,,,,,,,,,,,,,,,,,
P.083_N.16,PAHANG,P.083,KUANTAN,N.16,INDERAPURA,BN - UMNO,,18558,922,83.03,15408,19,159,15230,UMNO,DATO' SRI HAJI SHAFIK FAUZAN BIN SHARIF,MALE,57,7029,PKR,HAJI FAKHRUL ANUAR BIN ZULKAWI,MALE,53,2030,PAS,TOK HAFIZAL,MALE,,6107,PEJUANG,NORASHIKIN BINTI ISMAIL,FEMALE,,64,,,,,,,,,,,,,,,,,,,,,,,,,,,,,,,,,,,,,,,,,,,,,,,,,
P.084_N.17,PAHANG,P.084,PAYA BESAR,N.17,SUNGAI LEMBING,PN - PAS,,19130,1054,77.78,14880,14,172,14694,UMNO,DATO' HAJI UMOR ARBAIN BIN DOLLAH,MALE,64,5908,PKR,DATO SRI AHMAD OMAR,MALE,66,1738,PAS,AYUB ASHRI,MALE,,6962,PEJUANG,MEJAR ANUAR TAJUDDIN (B),MALE,,86,,,,,,,,,,,,,,,,,,,,,,,,,,,,,,,,,,,,,,,,,,,,,,,,,
P.084_N.18,PAHANG,P.084,PAYA BESAR,N.18,LEPAR,PN - PPBM,,25728,419,78.43,20179,38,419,19722,UMNO,DATO' ABD RAHIM BIN MUDA,MALE,57,8017,PAN,IBROHIM MAZALAN,MALE,39,3166,PPBM,MOHD YAZID BIN MOHD YUNUS,MALE,,8436,PEJUANG,Ir. ROSMINAHAR,MALE,,103,,,,,,,,,,,,,,,,,,,,,,,,,,,,,,,,,,,,,,,,,,,,,,,,,
P.084_N.19,PAHANG,P.084,PAYA BESAR,N.19,PANCHING,PN - PAS,,34886,7136,79.87,27864,41,252,27571,UMNO,FAUZIAH BINTI ABD WAHAB,FEMALE,59,8031,PKR,HASLINDALINA HASHIM,FEMALE,48,4243,PAS,USTAZ MOHD TARMIZI YAHAYA,MALE,,15167,PEJUANG,AFIF SYAIROL,MALE,,130,,,,,,,,,,,,,,,,,,,,,,,,,,,,,,,,,,,,,,,,,,,,,,,,,
P.085_N.20,PAHANG,P.085,PEKAN,N.20,PULAU MANIS,PN - PAS,,30113,3931,81.12,24427,53,276,24098,UMNO,KHAIRUDDIN BIN MAHMUD,MALE,70,9133,DAP,KHAIRIL KHALID,MALE,33,1901,PAS,RAFIQ KHAN,MALE,,13064,,,,,,,,,,,,,,,,,,,,,,,,,,,,,,,,,,,,,,,,,,,,,,,,,,,,,,
P.085_N.21,PAHANG,P.085,PEKAN,N.21,PERAMU JAYA,BN - UMNO,,41915,7823,81.00,33952,98,299,33555,UMNO,MOHAMAD NIZAR BIN MOHAMAD NAJIB,MALE,44,19337,PAN,TUGIMON BIN ABDUL HAMID,MALE,64,2511,PPBM,CIKGU TALIB,MALE,,11514,,,,,,,,,,,,,,,,,,,,,,,,,,,,,,,INDEPENDENT - HOUSE,TENGKU DATO' HISHAM,MALE,,193,,,,,,,,,,,,,,,,,,,
P.085_N.22,PAHANG,P.085,PEKAN,N.22,BEBAR,BN - UMNO,,21294,6273,75.12,15997,32,402,15563,UMNO,MOHAMMAD FAKHRUDDIN BIN MOHD ARIFF,MALE,52,10485,PAN,IBRAHIM BIN SULAIMAN,MALE,64,866,PPBM,NARZATUL HAIDAR BIN SAKIM,MALE,,4212,,,,,,,,,,,,,,,,,,,,,,,,,,,,,,,,,,,,,,,,,,,,,,,,,,,,,,
P.085_N.23,PAHANG,P.085,PEKAN,N.23,CHINI,BN - UMNO,,26121,2125,77.50,20244,40,320,19884,UMNO,MOHD SHARIM BIN MD ZAIN,MALE,43,10588,PKR,MOHAMAD YAZID BIN CHE MAT,MALE,48,833,PAS,RAZI JALAL,MALE,,8463,,,,,,,,,,,,,,,,,,,,,,,,,,,,,,,,,,,,,,,,,,,,,,,,,,,,,,
P.086_N.24,PAHANG,P.086,MARAN,N.24,LUIT,PN - PAS,,16279,1166,77.38,12596,35,139,12422,UMNO,JAMALUDDIN MD. MARZUKI,MALE,45,4836,PKR,MOHD. AFANDI ABD. RANI,MALE,58,1584,PAS,MOHD SOFIAN BIN ABD JALIL,MALE,57,6002,,,,,,,,,,,,,,,,,,,,,,,,,,,,,,,,,,,,,,,,,,,,,,,,,,,,,,
P.086_N.25,PAHANG,P.086,MARAN,N.25,KUALA SENTUL,PN - PPBM,,17434,241,75.89,13231,36,181,13014,UMNO,KHAIRUDDIN ALI,MALE,,5775,PKR,AMRAN BIN TAHIR,MALE,47,1223,PPBM,JASRI BIN JAMALUDIN,MALE,53,6016,,,,,,,,,,,,,,,,,,,,,,,,,,,,,,,,,,,,,,,,,,,,,,,,,,,,,,
P.086_N.26,PAHANG,P.086,MARAN,N.26,CHENOR,PN - PAS,,19415,2706,81.58,15838,38,159,15641,UMNO,SAIFUL ANUAR MOKHTAR,MALE,,6149,PAN,SHAM SUKIE,MALE,48,637,PAS,USTAZ MUJIBUR RAHMAN,MALE,46,8855,,,,,,,,,,,,,,,,,,,,,,,,,,,,,,,,,,,,,,,,,,,,,,,,,,,,,,
P.087_N.27,PAHANG,P.087,KUALA KRAU,N.27,JENDERAK,BN - UMNO,,13994,1454,78.99,11054,12,231,10811,UMNO,RODZUAN BIN ZAABA,MALE,53,5409,PKR,MOHAMAD HAFEZ BIN HARUN,MALE,45,1447,PAS,USTAZ MD ANUAR BIN DAUD,MALE,,3955,,,,,,,,,,,,,,,,,,,,,,,,,,,,,,,,,,,,,,,,,,,,,,,,,,,,,,
P.087_N.28,PAHANG,P.087,KUALA KRAU,N.28,KERDAU,BN - UMNO,,15184,1929,80.85,12277,19,137,12121,UMNO,SYED IBRAHIM BIN SYED AHMAD,MALE,55,6531,PAN,AHMAD ARIF BIN MD DAUD,MALE,30,988,PPBM,ARHAN SALUDIN @ CHENI,MALE,,4602,,,,,,,,,,,,,,,,,,,,,,,,,,,,,,,,,,,,,,,,,,,,,,,,,,,,,,
P.087_N.29,PAHANG,P.087,KUALA KRAU,N.29,JENGKA,PN - PAS,,31359,6904,80.08,25111,73,213,24825,UMNO,NORHASMIMI BINTI ABDUL GHANI,FEMALE,47,8405,PAN,USTAZ JAMALUDDIN,MALE,56,1111,PAS,USTAZ HAJI SHAHRIL AZMAN BIN ABD HALIM AL HAFIZ,MALE,,15309,,,,,,,,,,,,,,,,,,,,,,,,,,,,,,,,,,,,,,,,,,,,,,,,,,,,,,
P.088_N.30,PAHANG,P.088,TEMERLOH,N.30,MENTAKAB,PH - DAP,,37269,3657,77.01,28699,81,182,28436,MCA,WONG TZE SHIANG,MALE,43,5996,DAP,WOO CHEE WAN,MALE,63,12905,PPBM,CIKGU MOHD YUSOFF,MALE,,9248,PEJUANG,ABDUL WAHAB BIN KADIR,MALE,,287,,,,,,,,,,,,,,,,,,,,,,,,,,,,,,,,,,,,,,,,,,,,,,,,,
P.088_N.31,PAHANG,P.088,TEMERLOH,N.31,LANCHANG,PN - PAS,,32774,451,77.45,25383,54,361,24968,UMNO,DATO' RAZMI BIN SUDIN,MALE,,9573,PKR,ROSLI ISMAIL,MALE,62,4840,PAS,HASAN OMAR,MALE,60,10024,PEJUANG,LT KOL ZAINI BIN MOHAMAD (B),MALE,55,328,,,,,,,,,,,,,,,,PRM,JAMIL YAAKUB,MALE,,203,,,,,,,,,,,,,,,,,,,,,,,,,,,,,
P.088_N.32,PAHANG,P.088,TEMERLOH,N.32,KUALA SEMANTAN,PN - PAS,,36786,1738,80.28,29532,83,272,29177,UMNO,DATO' NOR AZMI BIN MAT LUDIN,MALE,55,10648,PAN,AZIZUL SHAH,MALE,44,5918,PAS,HASSANUDDIN SALIM,MALE,54,12386,PEJUANG,SYAFIQ KHAIDIR,MALE,28,225,,,,,,,,,,,,,,,,,,,,,,,,,,,,,,,,,,,,,,,,,,,,,,,,,
P.089_N.33,PAHANG,P.089,BENTONG,N.33,BILUT,PH - DAP,,24286,3111,77.01,18702,39,188,18475,MCA,WONG SIEW MUN,FEMALE,32,5784,DAP,LEE CHIN CHEN,MALE,,8895,GERAKAN,DATO' SRI CHANDRA BALABEDHA,MALE,46,3363,PEJUANG,MOHD SHOKRI,MALE,52,433,,,,,,,,,,,,,,,,,,,,,,,,,,,,,,,,,,,,,,,,,,,,,,,,,
P.089_N.34,PAHANG,P.089,BENTONG,N.34,KETARI,PH - DAP,,30758,120,77.71,23902,46,242,23614,UMNO,AMIZAR BIN ABU ADAM,MALE,,9602,DAP,SU KEONG SIONG,MALE,56,9722,GERAKAN,WILLIAM TAN,MALE,,4290,,,,,,,,,,,,,,,,,,,,,,,,,,,,,,,,,,,,,,,,,,,,,,,,,,,,,,
P.089_N.35,PAHANG,P.089,BENTONG,N.35,SABAI,BN - MIC,,15643,96,76.74,12005,24,136,11845,MIC,V. ARUMUGAM,MALE,58,4444,DAP,KAMACHE DORAY RAJOO,FEMALE,52,4348,PPBM,QOMAR,MALE,37,3053,,,,,,,,,,,,,,,,,,,,,,,,,,,,,,,,,,,,,,,,,,,,,,,,,,,,,,
P.089_N.36,PAHANG,P.089,BENTONG,N.36,PELANGAI,BN - UMNO,,16371,4048,78.47,12846,18,164,12664,UMNO,JOHARI BIN HARUN,MALE,52,7308,PAN,AHMED WAFIUDDIN SHAMSURI,MALE,27,2031,PAS,CIKGU KASIM,MALE,61,3260,PEJUANG,ISA BIN AHMAD,MALE,,65,,,,,,,,,,,,,,,,,,,,,,,,,,,,,,,,,,,,,,,,,,,,,,,,,
P.090_N.37,PAHANG,P.090,BERA,N.37,GUAI,BN - UMNO,,24412,2678,79.50,19408,102,251,19055,UMNO,SABARIAH BINTI SAIDAN,FEMALE,,9425,PAN,HAJAH NORAINI ABDUL GHANI,FEMALE,,1906,PPBM,HJH NOR HASHIMAH,FEMALE,,6747,,,,,,,,,,,,,,,,,,,,,,,,,,,,,,,INDEPENDENT - BOOK,JAFARI MOHD YUSOF,MALE,,977,,,,,,,,,,,,,,,,,,,
P.090_N.38,PAHANG,P.090,BERA,N.38,TRIANG,PH - DAP,,25891,6219,74.23,19218,11,237,18970,MCA,YEE CHENG HWA,MALE,44,4597,DAP,LEONG YU MAN,FEMALE,29,10816,PPBM,IZZUDDIN ZULKIFLI,MALE,,3557,,,,,,,,,,,,,,,,,,,,,,,,,,,,,,,,,,,,,,,,,,,,,,,,,,,,,,
P.090_N.39,PAHANG,P.090,BERA,N.39,KEMAYAN,BN - UMNO,,27366,6913,79.95,21880,28,1209,20643,UMNO,KHAIZULNIZAM BIN MOHAMAD ZULDIN (ANGAH),MALE,,13778,,,,,,PAS,USTAZ SAFUAN HUSIN,MALE,61,6865,,,,,,,,,,,,,,,,,,,,,,,,,,,,,,,,,,,,,,,,,,,,,,,,,,,,,,
P.091_N.40,PAHANG,P.091,ROMPIN,N.40,BUKIT IBAM,PN - PAS,,31003,2456,77.54,24040,56,368,23616,UMNO,DATIN HAJJAH SAMSIAH BINTI HAJI ARSHAD,FEMALE,64,10032,PKR,BARIRAH MOKHTAR,FEMALE,61,1096,PAS,USTAZ NAZRI,MALE,47,12488,,,,,,,,,,,,,,,,,,,,,,,,,,,,,,,,,,,,,,,,,,,,,,,,,,,,,,
P.091_N.41,PAHANG,P.091,ROMPIN,N.41,MUADZAM SHAH,BN - UMNO,,29663,1234,76.64,22733,55,409,22269,UMNO,IR. RAZALI BIN KASSIM,MALE,,10990,PKR,NORLAILY FORIZAD,FEMALE,33,1523,PPBM,JAAFAR MUSTAFFA,MALE,52,9756,,,,,,,,,,,,,,,,,,,,,,,,,,,,,,,,,,,,,,,,,,,,,,,,,,,,,,
P.091_N.42,PAHANG,P.091,ROMPIN,N.42,TIOMAN,BN - UMNO,,28465,573,58.39,16621,22,91,16508,UMNO,DATO' SRI HAJI MOHD JOHARI,MALE,49,8080,PAN,MOHD FADZLI BIN MOHD RAMLY,MALE,44,784,PAS,IDAYU HASHIM,FEMALE,35,7507,PUTRA,CIKGU OSMAN BAKAR,MALE,,79,,,,,,,,,,,,,,,,,,,,,,,,,,INDEPENDENT - PRAWN,SULAIMAN BIN BAKAR,MALE,57,58,,,,,,,,,,,,,,,,,,,
P.189_N.66,SABAH,P.189,SEMPORNA,N.66,BUGAYA,WARISAN,,32761,6629,56.09,18376,126,482,17768,UMNO,HJ ABD AZIZ BIN HJ MOHD IBNO,MALE,,4753,PKR,ARASTAM BIN PANDOROG,MALE,60,562,,,,,,PEJUANG,MOHD HASSAN BIN ABU BAKAR,MALE,,130,,,,,,,,,,,WARISAN,JAMIL BIN HAMZAH,MALE,,11382,PBM,NAZMAHWATI BINTI WALLI ,FEMALE,,98,PPRS,KARIL BIN PG. KURAINI,MALE,76,150,INDEPENDENT - SAMPAN,JUFAZLI BIN SHI AHMAD @ TONGKO,MALE,33,693,,,,,,,,,,,,,,,,,,,
